"Time (s)","Pressure (hPa)"
1.480619350E-1,9.866129150E2
1.880602690E-1,9.866215820E2
2.280659980E-1,9.866345215E2
2.680626120E-1,9.866422119E2
3.080626120E-1,9.866578369E2
3.480698000E-1,9.866707764E2
3.880690710E-1,9.866830444E2
4.280694870E-1,9.866904907E2
4.680555290E-1,9.866978760E2
5.080613100E-1,9.867059326E2
5.480662580E-1,9.867160645E2
5.880646960E-1,9.867230835E2
6.280633940E-1,9.867305298E2
6.680674040E-1,9.867402954E2
7.080697480E-1,9.867471313E2
7.480671440E-1,9.867510376E2
7.880602690E-1,9.867570801E2
8.280584980E-1,9.867609863E2
8.680602690E-1,9.867628174E2
9.080636540E-1,9.867686768E2
9.480628730E-1,9.867760010E2
9.880747480E-1,9.867811279E2
1.028070060E0,9.867867432E2
1.068070842E0,9.867933960E2
1.108060217E0,9.867990723E2
1.148061154E0,9.868040771E2
1.188055165E0,9.868074951E2
1.228063654E0,9.868090210E2
1.268062873E0,9.868107910E2
1.308063394E0,9.868123779E2
1.348066987E0,9.868125610E2
1.388067404E0,9.868146973E2
1.428069956E0,9.868211670E2
1.468061571E0,9.868254395E2
1.508059123E0,9.868261108E2
1.548066519E0,9.868287354E2
1.588062612E0,9.868322754E2
1.628063654E0,9.868330688E2
1.668068706E0,9.868352051E2
1.708067612E0,9.868385010E2
1.748069227E0,9.868410645E2
1.788059279E0,9.868446045E2
1.828055008E0,9.868485107E2
1.868069644E0,9.868514404E2
1.908061050E0,9.868535767E2
1.948063915E0,9.868549194E2
1.988066987E0,9.868541260E2
2.028070321E0,9.868521118E2
2.068066727E0,9.868516235E2
2.108059540E0,9.868530884E2
2.148064748E0,9.868557129E2
2.188070946E0,9.868592529E2
2.228061831E0,9.868631592E2
2.268061831E0,9.868660889E2
2.308065894E0,9.868676147E2
2.348067612E0,9.868690186E2
2.388067769E0,9.868703613E2
2.428059748E0,9.868719482E2
2.468059227E0,9.868711548E2
2.508060269E0,9.868699951E2
2.548063133E0,9.868702393E2
2.588065217E0,9.868703613E2
2.628066831E0,9.868696899E2
2.668066467E0,9.868702393E2
2.708067456E0,9.868729248E2
2.748069175E0,9.868758545E2
2.788060477E0,9.868782959E2
2.828058446E0,9.868831787E2
2.868064435E0,9.868890991E2
2.908063133E0,9.868921509E2
2.948060529E0,9.868931885E2
2.988067665E0,9.868944092E2
3.028069852E0,9.868950806E2
3.068067144E0,9.868947754E2
3.108055894E0,9.868965454E2
3.148059227E0,9.868980713E2
3.188060529E0,9.868977051E2
3.228061571E0,9.868969116E2
3.268061831E0,9.868962402E2
3.308066987E0,9.868961182E2
3.348066883E0,9.868972168E2
3.388066571E0,9.868988037E2
3.428057717E0,9.868998413E2
3.468059696E0,9.869010010E2
3.508064175E0,9.869014893E2
3.548064175E0,9.869012451E2
3.588062092E0,9.869048462E2
3.628073446E0,9.869074707E2
3.668068706E0,9.869074707E2
3.708059435E0,9.869073486E2
3.748060529E0,9.869072876E2
3.788059904E0,9.869053345E2
3.828061310E0,9.869064941E2
3.868065737E0,9.869102173E2
3.908063394E0,9.869116821E2
3.948065373E0,9.869121704E2
3.988069019E0,9.869141235E2
4.028067352E0,9.869154663E2
4.068057092E0,9.869169312E2
4.108064175E0,9.869207764E2
4.148057821E0,9.869238892E2
4.188063394E0,9.869242554E2
4.228061831E0,9.869229736E2
4.268066779E0,9.869217529E2
4.308065269E0,9.869201660E2
4.348068394E0,9.869197998E2
4.388068029E0,9.869197998E2
4.428061831E0,9.869191895E2
4.468057248E0,9.869183960E2
4.508063654E0,9.869172363E2
4.548067300E0,9.869182129E2
4.588063654E0,9.869195557E2
4.628071623E0,9.869208374E2
4.668070894E0,9.869204712E2
4.708067873E0,9.869207764E2
4.748060269E0,9.869190063E2
4.788055112E0,9.869151611E2
4.828062612E0,9.869143066E2
4.868065737E0,9.869168701E2
4.908064435E0,9.869199829E2
4.948061102E0,9.869223022E2
4.988066883E0,9.869252319E2
5.028066935E0,9.869257202E2
5.068061310E0,9.869244385E2
5.108057040E0,9.869219360E2
5.148066258E0,9.869208374E2
5.188062352E0,9.869221191E2
5.228064956E0,9.869241943E2
5.268066935E0,9.869254150E2
5.308069279E0,9.869279785E2
5.348058758E0,9.869310303E2
5.388059123E0,9.869317017E2
5.428056571E0,9.869322510E2
5.468069540E0,9.869338379E2
5.508060269E0,9.869357910E2
5.548063654E0,9.869356689E2
5.588065685E0,9.869356079E2
5.628070321E0,9.869354248E2
5.668056831E0,9.869359741E2
5.708057977E0,9.869353027E2
5.748059123E0,9.869334717E2
5.788056519E0,9.869326782E2
5.828062352E0,9.869300537E2
5.868064435E0,9.869253540E2
5.908061050E0,9.869227295E2
5.948068237E0,9.869222412E2
5.988068290E0,9.869224243E2
6.028069019E0,9.869232178E2
6.068061310E0,9.869234619E2
6.108056362E0,9.869223022E2
6.148060269E0,9.869215088E2
6.188062352E0,9.869219360E2
6.228063029E0,9.869230957E2
6.268067248E0,9.869244385E2
6.308066258E0,9.869254150E2
6.348066987E0,9.869260254E2
6.388059331E0,9.869237061E2
6.428055946E0,9.869219360E2
6.468061310E0,9.869223022E2
6.508061571E0,9.869229126E2
6.548062769E0,9.869241943E2
6.588066206E0,9.869258423E2
6.628068394E0,9.869250488E2
6.668066987E0,9.869234619E2
6.708057612E0,9.869213257E2
6.748058498E0,9.869193115E2
6.788065217E0,9.869185181E2
6.828065217E0,9.869190063E2
6.868062873E0,9.869190674E2
6.908066467E0,9.869203491E2
6.948069540E0,9.869203491E2
6.988067717E0,9.869197998E2
7.028058602E0,9.869203491E2
7.068060737E0,9.869197998E2
7.108056831E0,9.869164429E2
7.148064175E0,9.869154663E2
7.188064696E0,9.869146729E2
7.228065998E0,9.869115601E2
7.268066623E0,9.869111938E2
7.308067769E0,9.869139404E2
7.348056258E0,9.869141235E2
7.388059748E0,9.869143066E2
7.428057352E0,9.869175415E2
7.468062352E0,9.869191895E2
7.508061571E0,9.869183960E2
7.548061831E0,9.869175415E2
7.588066675E0,9.869166260E2
7.628059383E0,9.869157715E2
7.668058654E0,9.869156494E2
7.708057040E0,9.869140015E2
7.748057196E0,9.869133301E2
7.788070946E0,9.869129639E2
7.828062092E0,9.869084473E2
7.868061050E0,9.869039307E2
7.908068029E0,9.869039307E2
7.948067144E0,9.869029541E2
7.988058029E0,9.869017944E2
8.028059800E0,9.869055176E2
8.068058081E0,9.869083252E2
8.108062352E0,9.869102173E2
8.148062092E0,9.869144897E2
8.188061831E0,9.869180298E2
8.228068290E0,9.869178467E2
8.268065529E0,9.869182129E2
8.308065581E0,9.869177246E2
8.348055685E0,9.869164429E2
8.388057040E0,9.869146118E2
8.428060269E0,9.869125366E2
8.468060529E0,9.869102173E2
8.508062092E0,9.869069824E2
8.548068550E0,9.869004517E2
8.588068446E0,9.868947754E2
8.628067873E0,9.868920288E2
8.668057248E0,9.868890991E2
8.708059175E0,9.868887939E2
8.748061154E0,9.868918457E2
8.788062352E0,9.868923340E2
8.828064956E0,9.868908691E2
8.868068758E0,9.868900757E2
8.908067665E0,9.868867798E2
8.948067665E0,9.868841553E2
8.988058498E0,9.868846436E2
9.028056831E0,9.868836670E2
9.068060842E0,9.868824463E2
9.108063133E0,9.868814087E2
9.148062873E0,9.868809814E2
9.188062612E0,9.868822632E2
9.228066623E0,9.868830566E2
9.268066623E0,9.868838501E2
9.308066415E0,9.868864746E2
9.348058237E0,9.868851929E2
9.388060737E0,9.868804932E2
9.428062092E0,9.868783569E2
9.468062873E0,9.868747559E2
9.508060269E0,9.868690186E2
9.548068550E0,9.868648682E2
9.588065894E0,9.868629150E2
9.628065060E0,9.868612061E2
9.668059904E0,9.868607788E2
9.708059800E0,9.868615723E2
9.748064175E0,9.868621826E2
9.788062092E0,9.868621826E2
9.828063133E0,9.868623657E2
9.868066362E0,9.868625488E2
9.908068237E0,9.868632202E2
9.948068967E0,9.868634033E2
9.988058706E0,9.868615723E2
1.002805782E1,9.868584595E2
1.006806339E1,9.868551025E2
1.010806339E1,9.868533936E2
1.014806339E1,9.868519287E2
1.018806751E1,9.868489990E2
1.022806954E1,9.868475952E2
1.026806553E1,9.868482056E2
1.030805558E1,9.868457642E2
1.034806350E1,9.868428345E2
1.038806204E1,9.868441772E2
1.042806287E1,9.868441162E2
1.046806131E1,9.868438110E2
1.050806714E1,9.868456421E2
1.054806725E1,9.868457642E2
1.058806621E1,9.868454590E2
1.062806642E1,9.868472900E2
1.066806027E1,9.868449707E2
1.070805454E1,9.868409424E2
1.074806678E1,9.868406982E2
1.078806392E1,9.868389282E2
1.082806470E1,9.868363647E2
1.086806902E1,9.868371582E2
1.090806850E1,9.868380127E2
1.094806798E1,9.868385010E2
1.098806084E1,9.868392334E2
1.102805933E1,9.868370361E2
1.106806365E1,9.868358154E2
1.110806548E1,9.868348389E2
1.114806392E1,9.868312988E2
1.118806803E1,9.868297119E2
1.122806850E1,9.868314819E2
1.126805673E1,9.868316650E2
1.130806136E1,9.868320923E2
1.134805694E1,9.868337402E2
1.138806496E1,9.868319092E2
1.142806235E1,9.868305054E2
1.146806600E1,9.868275146E2
1.150806662E1,9.868240967E2
1.154806746E1,9.868197021E2
1.158806568E1,9.868200684E2
1.162805766E1,9.868205566E2
1.166806188E1,9.868225098E2
1.170806183E1,9.868254395E2
1.174806209E1,9.868320923E2
1.178806418E1,9.868345337E2
1.182806772E1,9.868338623E2
1.186806735E1,9.868348389E2
1.190806881E1,9.868371582E2
1.194806813E1,9.868373413E2
1.198805918E1,9.868382568E2
1.202805818E1,9.868397827E2
1.206806183E1,9.868391113E2
1.210806235E1,9.868365479E2
1.214806079E1,9.868350220E2
1.218807115E1,9.868348389E2
1.222806537E1,9.868355713E2
1.226806933E1,9.868369751E2
1.230805699E1,9.868371582E2
1.234806095E1,9.868389282E2
1.238806001E1,9.868408813E2
1.242806209E1,9.868418579E2
1.246806407E1,9.868430176E2
1.250806845E1,9.868426514E2
1.254807016E1,9.868408813E2
1.258806829E1,9.868397217E2
1.262805834E1,9.868391113E2
1.266805803E1,9.868389282E2
1.270806131E1,9.868422241E2
1.274806313E1,9.868451538E2
1.278806277E1,9.868449707E2
1.282806636E1,9.868458252E2
1.286806668E1,9.868479004E2
1.290806605E1,9.868495483E2
1.294805600E1,9.868508301E2
1.298806131E1,9.868531494E2
1.302806313E1,9.868551025E2
1.306806365E1,9.868547363E2
1.310806105E1,9.868533936E2
1.314806709E1,9.868514404E2
1.318806725E1,9.868506470E2
1.322805975E1,9.868488770E2
1.326805860E1,9.868500366E2
1.330806105E1,9.868539429E2
1.334805740E1,9.868582764E2
1.338806131E1,9.868625488E2
1.342806183E1,9.868684082E2
1.346806506E1,9.868721313E2
1.350806792E1,9.868724365E2
1.354806813E1,9.868723145E2
1.358806615E1,9.868720093E2
1.362806048E1,9.868726807E2
1.366805490E1,9.868746338E2
1.370806522E1,9.868768311E2
1.374806339E1,9.868781738E2
1.378806287E1,9.868799438E2
1.382807006E1,9.868801270E2
1.386807053E1,9.868767090E2
1.390806834E1,9.868760986E2
1.394805287E1,9.868784790E2
1.398805392E1,9.868781738E2
1.402806392E1,9.868795166E2
1.406806444E1,9.868830566E2
1.410806418E1,9.868842163E2
1.414806475E1,9.868880615E2
1.418806652E1,9.868934937E2
1.422806881E1,9.868936768E2
1.426805959E1,9.868931274E2
1.430805897E1,9.868944092E2
1.434806339E1,9.868945923E2
1.438806522E1,9.868947754E2
1.442806365E1,9.868977051E2
1.446806897E1,9.869022217E2
1.450806970E1,9.869048462E2
1.454806626E1,9.869058838E2
1.458805808E1,9.869064941E2
1.462805704E1,9.869080811E2
1.466806079E1,9.869092407E2
1.470806235E1,9.869110107E2
1.474806444E1,9.869090576E2
1.478806694E1,9.869076538E2
1.482806766E1,9.869092407E2
1.486806803E1,9.869121704E2
1.490805595E1,9.869127197E2
1.494805990E1,9.869144287E2
1.498805699E1,9.869183350E2
1.502806183E1,9.869213257E2
1.506806157E1,9.869223022E2
1.510806621E1,9.869246826E2
1.514806610E1,9.869271851E2
1.518806621E1,9.869271851E2
1.522806032E1,9.869254150E2
1.526806152E1,9.869240723E2
1.530805678E1,9.869243774E2
1.534806027E1,9.869270020E2
1.538806444E1,9.869298096E2
1.542806027E1,9.869317017E2
1.546806751E1,9.869324951E2
1.550806553E1,9.869321899E2
1.554805808E1,9.869338379E2
1.558806058E1,9.869365845E2
1.562805777E1,9.869373779E2
1.566806678E1,9.869410400E2
1.570806053E1,9.869445801E2
1.574806209E1,9.869422607E2
1.578806595E1,9.869380493E2
1.582806662E1,9.869377441E2
1.586806636E1,9.869385376E2
1.590805678E1,9.869381104E2
1.594805959E1,9.869403687E2
1.598806444E1,9.869434204E2
1.602806626E1,9.869444580E2
1.606806105E1,9.869428101E2
1.610806699E1,9.869410400E2
1.614806818E1,9.869405518E2
1.618806621E1,9.869414673E2
1.622805746E1,9.869429932E2
1.626805714E1,9.869448853E2
1.630806027E1,9.869471436E2
1.634806444E1,9.869475098E2
1.638806105E1,9.869476929E2
1.642806928E1,9.869496460E2
1.646806678E1,9.869523926E2
1.650806595E1,9.869559326E2
1.654805605E1,9.869578857E2
1.658806121E1,9.869580688E2
1.662805600E1,9.869586182E2
1.666806105E1,9.869578857E2
1.670806418E1,9.869547119E2
1.674807079E1,9.869539795E2
1.678806647E1,9.869546509E2
1.682806871E1,9.869523926E2
1.686806610E1,9.869517822E2
1.690806121E1,9.869539795E2
1.694805657E1,9.869555054E2
1.698806235E1,9.869574585E2
1.702806157E1,9.869597168E2
1.706806365E1,9.869593506E2
1.710806865E1,9.869582520E2
1.714806767E1,9.869574585E2
1.718806657E1,9.869559326E2
1.722805881E1,9.869552002E2
1.726805657E1,9.869584351E2
1.730806261E1,9.869631348E2
1.734806235E1,9.869653931E2
1.738806626E1,9.869674072E2
1.742806772E1,9.869698486E2
1.746806423E1,9.869697876E2
1.750806824E1,9.869678345E2
1.754805532E1,9.869678345E2
1.758805829E1,9.869677124E2
1.762806209E1,9.869669189E2
1.766806209E1,9.869658813E2
1.770806287E1,9.869644165E2
1.774806746E1,9.869644165E2
1.778806563E1,9.869639282E2
1.782806938E1,9.869617920E2
1.786805959E1,9.869613647E2
1.790805746E1,9.869621582E2
1.794806339E1,9.869631348E2
1.798806079E1,9.869647827E2
1.802806938E1,9.869674072E2
1.806806563E1,9.869688110E2
1.810806683E1,9.869710693E2
1.814805803E1,9.869706421E2
1.818805793E1,9.869691772E2
1.822805902E1,9.869678345E2
1.826805548E1,9.869649048E2
1.830806261E1,9.869625244E2
1.834806105E1,9.869625244E2
1.838806428E1,9.869631348E2
1.842806803E1,9.869644775E2
1.846806553E1,9.869678955E2
1.850805569E1,9.869697876E2
1.854805303E1,9.869691162E2
1.858806016E1,9.869686279E2
1.862806235E1,9.869697876E2
1.866806209E1,9.869709473E2
1.870806131E1,9.869721069E2
1.874806865E1,9.869746704E2
1.878806766E1,9.869769897E2
1.882805751E1,9.869779053E2
1.886805855E1,9.869774170E2
1.890805766E1,9.869768066E2
1.894806522E1,9.869764404E2
1.898806548E1,9.869744873E2
1.902806287E1,9.869730225E2
1.906806595E1,9.869724121E2
1.910806621E1,9.869702759E2
1.914806610E1,9.869697876E2
1.918805740E1,9.869707642E2
1.922805740E1,9.869688110E2
1.926806287E1,9.869676514E2
1.930806261E1,9.869689941E2
1.934806183E1,9.869678955E2
1.938806579E1,9.869680176E2
1.942806699E1,9.869688110E2
1.946806954E1,9.869671631E2
1.950805756E1,9.869647217E2
1.954805548E1,9.869641113E2
1.958806365E1,9.869644775E2
1.962806105E1,9.869652100E2
1.966806131E1,9.869659424E2
1.970806704E1,9.869683838E2
1.974806688E1,9.869680176E2
1.978806959E1,9.869637451E2
1.982806589E1,9.869623413E2
1.986805918E1,9.869633179E2
1.990805782E1,9.869647217E2
1.994806105E1,9.869664307E2
1.998806157E1,9.869678955E2
2.002806183E1,9.869701538E2
2.006806725E1,9.869707642E2
2.010806907E1,9.869699707E2
2.014806553E1,9.869717407E2
2.018805522E1,9.869729004E2
2.022805683E1,9.869721069E2
2.026806235E1,9.869735107E2
2.030806235E1,9.869738770E2
2.034806105E1,9.869754639E2
2.038806647E1,9.869795532E2
2.042806818E1,9.869807129E2
2.046806751E1,9.869789429E2
2.050806089E1,9.869750366E2
2.054805793E1,9.869696655E2
2.058806339E1,9.869659424E2
2.062806209E1,9.869650879E2
2.066806392E1,9.869662476E2
2.070806537E1,9.869682007E2
2.074806772E1,9.869699707E2
2.078806688E1,9.869686279E2
2.082805574E1,9.869656982E2
2.086806037E1,9.869635010E2
2.090806496E1,9.869627686E2
2.094806131E1,9.869629517E2
2.098806261E1,9.869644775E2
2.102806709E1,9.869650879E2
2.106806829E1,9.869647217E2
2.110806803E1,9.869639282E2
2.114805850E1,9.869629517E2
2.118805829E1,9.869632568E2
2.122805589E1,9.869641113E2
2.126806131E1,9.869650879E2
2.130806079E1,9.869680176E2
2.134806662E1,9.869691162E2
2.138806725E1,9.869666748E2
2.142806449E1,9.869641113E2
2.146805642E1,9.869619751E2
2.150806157E1,9.869617920E2
2.154805579E1,9.869617920E2
2.158806470E1,9.869629517E2
2.162806157E1,9.869688110E2
2.166806053E1,9.869738770E2
2.170806735E1,9.869739990E2
2.174806725E1,9.869736938E2
2.178806006E1,9.869736938E2
2.182806142E1,9.869701538E2
2.186805470E1,9.869667358E2
2.190806183E1,9.869649048E2
2.194806183E1,9.869635010E2
2.198806209E1,9.869631348E2
2.202806772E1,9.869645996E2
2.206806568E1,9.869674072E2
2.210806662E1,9.869693604E2
2.214805808E1,9.869688721E2
2.218805605E1,9.869689941E2
2.222806287E1,9.869696655E2
2.226806444E1,9.869702759E2
2.230806418E1,9.869715576E2
2.234807058E1,9.869735718E2
2.238806746E1,9.869738770E2
2.242806933E1,9.869717407E2
2.246806022E1,9.869682007E2
2.250806188E1,9.869637451E2
2.254806105E1,9.869613647E2
2.258806183E1,9.869629517E2
2.262806209E1,9.869652710E2
2.266806923E1,9.869678955E2
2.270806787E1,9.869715576E2
2.274806761E1,9.869761963E2
2.278805944E1,9.869752197E2
2.282805772E1,9.869715576E2
2.286805881E1,9.869705811E2
2.290806209E1,9.869699707E2
2.294806157E1,9.869672241E2
2.298806563E1,9.869680176E2
2.302806845E1,9.869705811E2
2.306805876E1,9.869699707E2
2.310806824E1,9.869717407E2
2.314806105E1,9.869742432E2
2.318805615E1,9.869750366E2
2.322806392E1,9.869758301E2
2.326806418E1,9.869756470E2
2.330806079E1,9.869748535E2
2.334806574E1,9.869732056E2
2.338805657E1,9.869707642E2
2.342805871E1,9.869703369E2
2.346805850E1,9.869737549E2
2.350805605E1,9.869765015E2
2.354806313E1,9.869797363E2
2.358806209E1,9.869857788E2
2.362806105E1,9.869883423E2
2.366806636E1,9.869859619E2
2.370806714E1,9.869830322E2
2.374806584E1,9.869818726E2
2.378805892E1,9.869807129E2
2.382805694E1,9.869815063E2
2.386806365E1,9.869854126E2
2.390806209E1,9.869883423E2
2.394806470E1,9.869888916E2
2.398806688E1,9.869883423E2
2.402806860E1,9.869859619E2
2.406805954E1,9.869852295E2
2.410805907E1,9.869847412E2
2.414805892E1,9.869849854E2
2.418806235E1,9.869875488E2
2.422806522E1,9.869902954E2
2.426806157E1,9.869908447E2
2.430806657E1,9.869893799E2
2.434806621E1,9.869868774E2
2.438806605E1,9.869834595E2
2.442806699E1,9.869829712E2
2.446805626E1,9.869835205E2
2.450805772E1,9.869857178E2
2.454806652E1,9.869908447E2
2.458806157E1,9.869965210E2
2.462806803E1,9.870006104E2
2.466806798E1,9.870028687E2
2.470806662E1,9.870029907E2
2.474805881E1,9.870021973E2
2.478805735E1,9.870023804E2
2.482805579E1,9.870000610E2
2.486806079E1,9.869973145E2
2.490806053E1,9.869974976E2
2.494806105E1,9.869967041E2
2.498806647E1,9.869954834E2
2.502806850E1,9.869984741E2
2.506806839E1,9.870017090E2
2.510805568E1,9.870043335E2
2.514805480E1,9.870078735E2
2.518806157E1,9.870100098E2
2.522806027E1,9.870115967E2
2.526806131E1,9.870140991E2
2.530806673E1,9.870166626E2
2.534806537E1,9.870174561E2
2.538806642E1,9.870166626E2
2.542805558E1,9.870164795E2
2.546805600E1,9.870162354E2
2.550806209E1,9.870140991E2
2.554806261E1,9.870132446E2
2.558806131E1,9.870140991E2
2.562806881E1,9.870129395E2
2.566806907E1,9.870123291E2
2.570806777E1,9.870136108E2
2.574805860E1,9.870148926E2
2.578806199E1,9.870172119E2
2.582806808E1,9.870194092E2
2.586806105E1,9.870209351E2
2.590806235E1,9.870216064E2
2.594806949E1,9.870225830E2
2.598806688E1,9.870236816E2
2.602806668E1,9.870234985E2
2.606806699E1,9.870227051E2
2.610805782E1,9.870236816E2
2.614805652E1,9.870248413E2
2.618806287E1,9.870247803E2
2.622806105E1,9.870241699E2
2.626806631E1,9.870242920E2
2.630806631E1,9.870241699E2
2.634806558E1,9.870227051E2
2.638806673E1,9.870223389E2
2.642805850E1,9.870262451E2
2.646805558E1,9.870301514E2
2.650806313E1,9.870321045E2
2.654806209E1,9.870340576E2
2.658806209E1,9.870334473E2
2.662806839E1,9.870305176E2
2.666806668E1,9.870296631E2
2.670806532E1,9.870311279E2
2.674805235E1,9.870332642E2
2.678805704E1,9.870361938E2
2.682806418E1,9.870385132E2
2.686806105E1,9.870390015E2
2.690806209E1,9.870391235E2
2.694806668E1,9.870363770E2
2.698806881E1,9.870342407E2
2.702805772E1,9.870342407E2
2.706805699E1,9.870342407E2
2.710805751E1,9.870357666E2
2.714806365E1,9.870389404E2
2.718806157E1,9.870420532E2
2.722806522E1,9.870449829E2
2.726806621E1,9.870479126E2
2.730806777E1,9.870482178E2
2.734806819E1,9.870488892E2
2.738805897E1,9.870494385E2
2.742805673E1,9.870482788E2
2.746806027E1,9.870468140E2
2.750806183E1,9.870467529E2
2.754806235E1,9.870484009E2
2.758806996E1,9.870477295E2
2.762807001E1,9.870468140E2
2.766806959E1,9.870474243E2
2.770806699E1,9.870479736E2
2.774805907E1,9.870469360E2
2.778805579E1,9.870476074E2
2.782806287E1,9.870494385E2
2.786806365E1,9.870513916E2
2.790806584E1,9.870554199E2
2.794806876E1,9.870594482E2
2.798806569E1,9.870601807E2
2.802806610E1,9.870596313E2
2.806805532E1,9.870575562E2
2.810805636E1,9.870526123E2
2.814806105E1,9.870490723E2
2.818806027E1,9.870510254E2
2.822806235E1,9.870545654E2
2.826807438E1,9.870559082E2
2.830806615E1,9.870577393E2
2.834806642E1,9.870606079E2
2.838805584E1,9.870617676E2
2.842805949E1,9.870618896E2
2.846806105E1,9.870650635E2
2.850806157E1,9.870687866E2
2.854806235E1,9.870697021E2
2.858806589E1,9.870713501E2
2.862806720E1,9.870750732E2
2.866806642E1,9.870759277E2
2.870805709E1,9.870752563E2
2.874805787E1,9.870769043E2
2.878806990E1,9.870770874E2
2.882806339E1,9.870754395E2
2.886806131E1,9.870767212E2
2.890806610E1,9.870777588E2
2.894806928E1,9.870760498E2
2.898806740E1,9.870764160E2
2.902805636E1,9.870781860E2
2.906805824E1,9.870780029E2
2.910806392E1,9.870785522E2
2.914806183E1,9.870795288E2
2.918806131E1,9.870783691E2
2.922806902E1,9.870778809E2
2.926806699E1,9.870785522E2
2.930806688E1,9.870789795E2
2.934805714E1,9.870826416E2
2.938805902E1,9.870881348E2
2.942806506E1,9.870887451E2
2.946806183E1,9.870892944E2
2.950806261E1,9.870918579E2
2.954806933E1,9.870903931E2
2.958806730E1,9.870876465E2
2.962806829E1,9.870883179E2
2.966805897E1,9.870885010E2
2.970805772E1,9.870870361E2
2.974805735E1,9.870868530E2
2.978806313E1,9.870878296E2
2.982806157E1,9.870891113E2
2.986806339E1,9.870871582E2
2.990806975E1,9.870855713E2
2.994806798E1,9.870860596E2
2.998805793E1,9.870867920E2
3.002805819E1,9.870876465E2
3.006805548E1,9.870908813E2
3.010806209E1,9.870941162E2
3.014806079E1,9.870928345E2
3.018806183E1,9.870907593E2
3.022806688E1,9.870911865E2
3.026806600E1,9.870931396E2
3.030806688E1,9.870939941E2
3.034805475E1,9.870975342E2
3.038805787E1,9.870997314E2
3.042806313E1,9.870983887E2
3.046806235E1,9.870963135E2
3.050806287E1,9.870963135E2
3.054806892E1,9.870982056E2
3.058806720E1,9.870993652E2
3.062805610E1,9.871011353E2
3.066806277E1,9.871027832E2
3.070806105E1,9.871054077E2
3.074806678E1,9.871058960E2
3.078806287E1,9.871065063E2
3.082806261E1,9.871072998E2
3.086806511E1,9.871078491E2
3.090806074E1,9.871049194E2
3.094806709E1,9.871026611E2
3.098806803E1,9.871043701E2
3.102806032E1,9.871049194E2
3.106805975E1,9.871041260E2
3.110806183E1,9.871049194E2
3.114806183E1,9.871058350E2
3.118806615E1,9.871044312E2
3.122806876E1,9.871050415E2
3.126806876E1,9.871084595E2
3.130807001E1,9.871101074E2
3.134805928E1,9.871109009E2
3.138805527E1,9.871131592E2
3.142806444E1,9.871146851E2
3.146806105E1,9.871132202E2
3.150806339E1,9.871135254E2
3.154806756E1,9.871166382E2
3.158806642E1,9.871169434E2
3.162806709E1,9.871154785E2
3.166805871E1,9.871176147E2
3.170806136E1,9.871226807E2
3.174806444E1,9.871246338E2
3.178806522E1,9.871259155E2
3.182806418E1,9.871278076E2
3.186806652E1,9.871265259E2
3.190806568E1,9.871240845E2
3.194806595E1,9.871236572E2
3.198805683E1,9.871237793E2
3.202805543E1,9.871252441E2
3.206806183E1,9.871291504E2
3.210806313E1,9.871309204E2
3.214806183E1,9.871311035E2
3.218806818E1,9.871326904E2
3.222806714E1,9.871336670E2
3.226806636E1,9.871333618E2
3.230805631E1,9.871338501E2
3.234806084E1,9.871364746E2
3.238806339E1,9.871377563E2
3.242806392E1,9.871371460E2
3.246806131E1,9.871373291E2
3.250806746E1,9.871361694E2
3.254806709E1,9.871329346E2
3.258805621E1,9.871309204E2
3.262806584E1,9.871287842E2
3.266806001E1,9.871275635E2
3.270805845E1,9.871292725E2
3.274806392E1,9.871309204E2
3.278806339E1,9.871320801E2
3.282806490E1,9.871342163E2
3.286806845E1,9.871347046E2
3.290806563E1,9.871348877E2
3.294806568E1,9.871362915E2
3.298805365E1,9.871375732E2
3.302805855E1,9.871389160E2
3.306806183E1,9.871402588E2
3.310806027E1,9.871400757E2
3.314806574E1,9.871377563E2
3.318806871E1,9.871370850E2
3.322806662E1,9.871387329E2
3.326805761E1,9.871418457E2
3.330805709E1,9.871447754E2
3.334805605E1,9.871488647E2
3.338806053E1,9.871533813E2
3.342806157E1,9.871557007E2
3.346806079E1,9.871555176E2
3.350806740E1,9.871556396E2
3.354806688E1,9.871566772E2
3.358806699E1,9.871579590E2
3.362805756E1,9.871608887E2
3.366805699E1,9.871631470E2
3.370806444E1,9.871654663E2
3.374806183E1,9.871670532E2
3.378806470E1,9.871656494E2
3.382806595E1,9.871636963E2
3.386806772E1,9.871634521E2
3.390806923E1,9.871635132E2
3.394805647E1,9.871639404E2
3.398805740E1,9.871658936E2
3.402806339E1,9.871690063E2
3.406806105E1,9.871721191E2
3.410806418E1,9.871723022E2
3.414806657E1,9.871719360E2
3.418806642E1,9.871719360E2
3.422806558E1,9.871699829E2
3.426806662E1,9.871683960E2
3.430806095E1,9.871697998E2
3.434805647E1,9.871707764E2
3.438806339E1,9.871717529E2
3.442806209E1,9.871734619E2
3.446806485E1,9.871746826E2
3.450806543E1,9.871754150E2
3.454806511E1,9.871771851E2
3.458806537E1,9.871777954E2
3.462805694E1,9.871776123E2
3.466805532E1,9.871781006E2
3.470806313E1,9.871788330E2
3.474806131E1,9.871784668E2
3.478806027E1,9.871795654E2
3.482806636E1,9.871809082E2
3.486806647E1,9.871801147E2
3.490806683E1,9.871815796E2
3.494805548E1,9.871851807E2
3.498805412E1,9.871870728E2
3.502806105E1,9.871879272E2
3.506806235E1,9.871916504E2
3.510806339E1,9.871929932E2
3.514806589E1,9.871918335E2
3.518806824E1,9.871932983E2
3.522806824E1,9.871965332E2
3.526805553E1,9.871967163E2
3.530805615E1,9.871949463E2
3.534806261E1,9.871940918E2
3.538806053E1,9.871928101E2
3.542806209E1,9.871915283E2
3.546806668E1,9.871920166E2
3.550806589E1,9.871926270E2
3.554806824E1,9.871943970E2
3.558805360E1,9.871965332E2
3.562805808E1,9.871976318E2
3.566806261E1,9.871991577E2
3.570806392E1,9.872019043E2
3.574806131E1,9.872033691E2
3.578806798E1,9.872047119E2
3.582806813E1,9.872055054E2
3.586806642E1,9.872058105E2
3.590805584E1,9.872075806E2
3.594806022E1,9.872086182E2
3.598805704E1,9.872079468E2
3.602806339E1,9.872078857E2
3.606806313E1,9.872086182E2
3.610806433E1,9.872078857E2
3.614806688E1,9.872069702E2
3.618807068E1,9.872082520E2
3.622805871E1,9.872105713E2
3.626806048E1,9.872124634E2
3.630805527E1,9.872141113E2
3.634806079E1,9.872142944E2
3.638806157E1,9.872133179E2
3.642806105E1,9.872131348E2
3.646806855E1,9.872129517E2
3.650806892E1,9.872123413E2
3.654806709E1,9.872137451E2
3.658805829E1,9.872142944E2
3.662805657E1,9.872139282E2
3.666806131E1,9.872152710E2
3.670806730E1,9.872171631E2
3.674806470E1,9.872207642E2
3.678806839E1,9.872236938E2
3.682806897E1,9.872238770E2
3.686806605E1,9.872222900E2
3.690805595E1,9.872230835E2
3.694805959E1,9.872229004E2
3.698806157E1,9.872204590E2
3.702806235E1,9.872209473E2
3.706806574E1,9.872209473E2
3.710806673E1,9.872201538E2
3.714806876E1,9.872180176E2
3.718806584E1,9.872188110E2
3.722805824E1,9.872211304E2
3.726806063E1,9.872256470E2
3.730806704E1,9.872258301E2
3.734806131E1,9.872263184E2
3.738806105E1,9.872279053E2
3.742807058E1,9.872279663E2
3.746806720E1,9.872252197E2
3.750806673E1,9.872245483E2
3.754806100E1,9.872269897E2
3.758806027E1,9.872276001E2
3.762805902E1,9.872261963E2
3.766806496E1,9.872269287E2
3.770806209E1,9.872276611E2
3.774806944E1,9.872238770E2
3.778806782E1,9.872238770E2
3.782806818E1,9.872269897E2
3.786806115E1,9.872276611E2
3.790805928E1,9.872287598E2
3.794806058E1,9.872310791E2
3.798806261E1,9.872295532E2
3.802806365E1,9.872252197E2
3.806806522E1,9.872219238E2
3.810806595E1,9.872194824E2
3.814806798E1,9.872188110E2
3.818806657E1,9.872197876E2
3.822805855E1,9.872239990E2
3.826805839E1,9.872289429E2
3.830806235E1,9.872316895E2
3.834806418E1,9.872354126E2
3.838806183E1,9.872385254E2
3.842806813E1,9.872369385E2
3.846805855E1,9.872344971E2
3.850805964E1,9.872332764E2
3.854805944E1,9.872301025E2
3.858805589E1,9.872282715E2
3.862806209E1,9.872310791E2
3.866807199E1,9.872340088E2
3.870806444E1,9.872379150E2
3.874807006E1,9.872393799E2
3.878806668E1,9.872411499E2
3.882806683E1,9.872418213E2
3.886805740E1,9.872411499E2
3.890805860E1,9.872418213E2
3.894806261E1,9.872459717E2
3.898806183E1,9.872471313E2
3.902806652E1,9.872455444E2
3.906806902E1,9.872484741E2
3.910806725E1,9.872523804E2
3.914806751E1,9.872551270E2
3.918805589E1,9.872598267E2
3.922805959E1,9.872648926E2
3.926805626E1,9.872674561E2
3.930806079E1,9.872671509E2
3.934806313E1,9.872660522E2
3.938806725E1,9.872658691E2
3.942806631E1,9.872684326E2
3.946806636E1,9.872695923E2
3.950806605E1,9.872691650E2
3.954805527E1,9.872717285E2
3.958805537E1,9.872754517E2
3.962806209E1,9.872767944E2
3.966806522E1,9.872769165E2
3.970806212E1,9.872782593E2
3.974806472E1,9.872818604E2
3.978806478E1,9.872826538E2
3.982806530E1,9.872821045E2
3.986805530E1,9.872846069E2
3.990805337E1,9.872875366E2
3.994806498E1,9.872876587E2
3.998805900E1,9.872904663E2
4.002805978E1,9.872959595E2
4.006806702E1,9.872998657E2
4.010806832E1,9.873059082E2
4.014806592E1,9.873104858E2
4.018805488E1,9.873107910E2
4.022805509E1,9.873114624E2
4.026806472E1,9.873125610E2
4.030806134E1,9.873095093E2
4.034806394E1,9.873070679E2
4.038806639E1,9.873099976E2
4.042807113E1,9.873115845E2
4.046805472E1,9.873133545E2
4.050805769E1,9.873189697E2
4.054805259E1,9.873234863E2
4.058806603E1,9.873238525E2
4.062806056E1,9.873256226E2
4.066806264E1,9.873265991E2
4.070806795E1,9.873258057E2
4.074806540E1,9.873270264E2
4.078806108E1,9.873299561E2
4.082806499E1,9.873308105E2
4.086805775E1,9.873317871E2
4.090806327E1,9.873338623E2
4.094806004E1,9.873345947E2
4.098806212E1,9.873326416E2
4.102806806E1,9.873340454E2
4.106806472E1,9.873380127E2
4.110806441E1,9.873395996E2
4.114806566E1,9.873417358E2
4.118805426E1,9.873467407E2
4.122805426E1,9.873492432E2
4.126806212E1,9.873475342E2
4.130806134E1,9.873465576E2
4.134806186E1,9.873467407E2
4.138806816E1,9.873472900E2
4.142806936E1,9.873477173E2
4.146806389E1,9.873487549E2
4.150805530E1,9.873504639E2
4.154805415E1,9.873506470E2
4.158806004E1,9.873486938E2
4.162806056E1,9.873479004E2
4.166806030E1,9.873519897E2
4.170806806E1,9.873560181E2
4.174806483E1,9.873598022E2
4.178806691E1,9.873658447E2
4.182805571E1,9.873697510E2
4.186805806E1,9.873701782E2
4.190806108E1,9.873705444E2
4.194806498E1,9.873702393E2
4.198806290E1,9.873682251E2
4.202806910E1,9.873685913E2
4.206806696E1,9.873690186E2
4.210807035E1,9.873701782E2
4.214805577E1,9.873728027E2
4.218805827E1,9.873747559E2
4.222806498E1,9.873739014E2
4.226806134E1,9.873729248E2
4.230806134E1,9.873726807E2
4.234806535E1,9.873731079E2
4.238806655E1,9.873742676E2
4.242806545E1,9.873773193E2
4.246805629E1,9.873809204E2
4.250805592E1,9.873820801E2
4.254805801E1,9.873817749E2
4.258806238E1,9.873811035E2
4.262806290E1,9.873795166E2
4.266807113E1,9.873773804E2
4.270806754E1,9.873760376E2
4.274805644E1,9.873754272E2
4.278806728E1,9.873764038E2
4.282805592E1,9.873779907E2
4.286805462E1,9.873806152E2
4.290806082E1,9.873845215E2
4.294806316E1,9.873863525E2
4.298806551E1,9.873869629E2
4.302806566E1,9.873887939E2
4.306806769E1,9.873906860E2
4.310806535E1,9.873908691E2
4.314805415E1,9.873930054E2
4.318805353E1,9.873953857E2
4.322806134E1,9.873956299E2
4.326806264E1,9.873965454E2
4.330806160E1,9.873986816E2
4.334806431E1,9.873988037E2
4.338806509E1,9.873986816E2
4.342806228E1,9.873994751E2
4.346805431E1,9.873988647E2
4.350805446E1,9.873986816E2
4.354806160E1,9.873994751E2
4.358806056E1,9.873988647E2
4.362805952E1,9.873992920E2
4.366806582E1,9.874029541E2
4.370806493E1,9.874051514E2
4.374806478E1,9.874050293E2
4.378805467E1,9.874082642E2
4.382805644E1,9.874117432E2
4.386806186E1,9.874115601E2
4.390806212E1,9.874105835E2
4.394805900E1,9.874125366E2
4.398806509E1,9.874139404E2
4.402806931E1,9.874132080E2
4.406806519E1,9.874141235E2
4.410805639E1,9.874171143E2
4.414805874E1,9.874183960E2
4.418805681E1,9.874195557E2
4.422806108E1,9.874227295E2
4.426806264E1,9.874229126E2
4.430806566E1,9.874238892E2
4.434806467E1,9.874282837E2
4.438806441E1,9.874324951E2
4.442805571E1,9.874369507E2
4.446805295E1,9.874419556E2
4.450805436E1,9.874439697E2
4.454806108E1,9.874436035E2
4.458806342E1,9.874443970E2
4.462806472E1,9.874443970E2
4.466806702E1,9.874449463E2
4.470806571E1,9.874488525E2
4.474806561E1,9.874532471E2
4.478805525E1,9.874549561E2
4.482805269E1,9.874556274E2
4.486806004E1,9.874574585E2
4.490806108E1,9.874598389E2
4.494806134E1,9.874615479E2
4.498806691E1,9.874644775E2
4.502806603E1,9.874707642E2
4.506806514E1,9.874764404E2
4.510805696E1,9.874808960E2
4.514805348E1,9.874831543E2
4.518805978E1,9.874849854E2
4.522806004E1,9.874851074E2
4.526805978E1,9.874855957E2
4.530806452E1,9.874865723E2
4.534806676E1,9.874918213E2
4.538806556E1,9.874981079E2
4.542805498E1,9.874996338E2
4.546805889E1,9.875000610E2
4.550805978E1,9.875020752E2
4.554805926E1,9.875018311E2
4.558805978E1,9.875030518E2
4.562806618E1,9.875101318E2
4.566806540E1,9.875174561E2
4.570806634E1,9.875222168E2
4.574806514E1,9.875295410E2
4.578805780E1,9.875332642E2
4.582805644E1,9.875338135E2
4.586806030E1,9.875375366E2
4.590805952E1,9.875414429E2
4.594806441E1,9.875430908E2
4.598806665E1,9.875461426E2
4.602806650E1,9.875507202E2
4.606805577E1,9.875523682E2
4.610805238E1,9.875544434E2
4.614805238E1,9.875576782E2
4.618806030E1,9.875609741E2
4.622805978E1,9.875657959E2
4.626806056E1,9.875711670E2
4.630806426E1,9.875744629E2
4.634806577E1,9.875762329E2
4.638806624E1,9.875785522E2
4.642805655E1,9.875819092E2
4.646805353E1,9.875853882E2
4.650805926E1,9.875880127E2
4.654806082E1,9.875899048E2
4.658805978E1,9.875913696E2
4.662806853E1,9.875902710E2
4.666806478E1,9.875885010E2
4.670806441E1,9.875892334E2
4.674805566E1,9.875925293E2
4.678805446E1,9.875953369E2
4.682806420E1,9.875986938E2
4.686805978E1,9.876032715E2
4.690806306E1,9.876070557E2
4.694806624E1,9.876102295E2
4.698805853E1,9.876151123E2
4.702806441E1,9.876187744E2
4.706805561E1,9.876213379E2
4.710805816E1,9.876260376E2
4.714806368E1,9.876297607E2
4.718806967E1,9.876325684E2
4.722806681E1,9.876364746E2
4.726806431E1,9.876408691E2
4.730806743E1,9.876447754E2
4.734806754E1,9.876469116E2
4.738805874E1,9.876473389E2
4.742805556E1,9.876477051E2
4.746806019E1,9.876488037E2
4.750805926E1,9.876492920E2
4.754806394E1,9.876516113E2
4.758806608E1,9.876561890E2
4.762806722E1,9.876590576E2
4.766806467E1,9.876596069E2
4.770805613E1,9.876594238E2
4.774805894E1,9.876611938E2
4.778805702E1,9.876627197E2
4.782806473E1,9.876658936E2
4.786806134E1,9.876703491E2
4.790806186E1,9.876713257E2
4.794806728E1,9.876705322E2
4.798806134E1,9.876699829E2
4.802806728E1,9.876673584E2
4.806805436E1,9.876654663E2
4.810805624E1,9.876685791E2
4.814806316E1,9.876727295E2
4.818806238E1,9.876777954E2
4.822805952E1,9.876830444E2
4.826806743E1,9.876871338E2
4.830806676E1,9.876873779E2
4.834805837E1,9.876880493E2
4.838805769E1,9.876895142E2
4.842805754E1,9.876912842E2
4.846806290E1,9.876904907E2
4.850806160E1,9.876953735E2
4.854806082E1,9.877009277E2
4.858806931E1,9.877020874E2
4.862806519E1,9.877043457E2
4.866806722E1,9.877106934E2
4.870805676E1,9.877133179E2
4.874805941E1,9.877121582E2
4.878806186E1,9.877125244E2
4.882806082E1,9.877129517E2
4.886806290E1,9.877117920E2
4.890806498E1,9.877111816E2
4.894806540E1,9.877135010E2
4.898805618E1,9.877170410E2
4.902805644E1,9.877205811E2
4.906805723E1,9.877236938E2
4.910806030E1,9.877264404E2
4.914806186E1,9.877277832E2
4.918806473E1,9.877279053E2
4.922806525E1,9.877279663E2
4.926806483E1,9.877284546E2
4.930805644E1,9.877303467E2
4.934805764E1,9.877318726E2
4.938805650E1,9.877301025E2
4.942805676E1,9.877299194E2
4.946806707E1,9.877316895E2
4.950806290E1,9.877320557E2
4.954806561E1,9.877342529E2
4.958806561E1,9.877380371E2
4.962806691E1,9.877398071E2
4.966806858E1,9.877411499E2
4.970805530E1,9.877426147E2
4.974805446E1,9.877446899E2
4.978806082E1,9.877484741E2
4.982806160E1,9.877482910E2
4.986806186E1,9.877467041E2
4.990806462E1,9.877452393E2
4.994806780E1,9.877443848E2
4.998806509E1,9.877434082E2
5.002805670E1,9.877442017E2
5.006805639E1,9.877443848E2
5.010806108E1,9.877473145E2
5.014806212E1,9.877489014E2
5.018806030E1,9.877492676E2
5.022806889E1,9.877535400E2
5.026806358E1,9.877596436E2
5.030806493E1,9.877617798E2
5.034805816E1,9.877629395E2
5.038805389E1,9.877660522E2
5.042806082E1,9.877655029E2
5.046806030E1,9.877611694E2
5.050805978E1,9.877601929E2
5.054806639E1,9.877613525E2
5.058806592E1,9.877621460E2
5.062806540E1,9.877631226E2
5.066805905E1,9.877665405E2
5.070805556E1,9.877684937E2
5.074805926E1,9.877674561E2
5.078806238E1,9.877662354E2
5.082806212E1,9.877672119E2
5.086806514E1,9.877680054E2
5.090806650E1,9.877664795E2
5.094805848E1,9.877653809E2
5.098805571E1,9.877656860E2
5.102805650E1,9.877660522E2
5.106806728E1,9.877667236E2
5.110805978E1,9.877694092E2
5.114806134E1,9.877709351E2
5.118806676E1,9.877728882E2
5.122806816E1,9.877778931E2
5.126805613E1,9.877797241E2
5.130805858E1,9.877794189E2
5.134805535E1,9.877829590E2
5.138805384E1,9.877840576E2
5.142806264E1,9.877813721E2
5.146806030E1,9.877817993E2
5.150806186E1,9.877857666E2
5.154806681E1,9.877891846E2
5.158806644E1,9.877927246E2
5.162806639E1,9.877932129E2
5.166805759E1,9.877940674E2
5.170805332E1,9.877963257E2
5.174806134E1,9.877960205E2
5.178806004E1,9.877947998E2
5.182806134E1,9.877974243E2
5.186806483E1,9.877988892E2
5.190806717E1,9.877987061E2
5.194805993E1,9.878013916E2
5.198805624E1,9.878040771E2
5.202805712E1,9.878055420E2
5.206805952E1,9.878078613E2
5.210806056E1,9.878076782E2
5.214806264E1,9.878074951E2
5.218806535E1,9.878098145E2
5.222806431E1,9.878129272E2
5.226805441E1,9.878166504E2
5.230805723E1,9.878199463E2
5.234805952E1,9.878215332E2
5.238806056E1,9.878223877E2
5.242805978E1,9.878209229E2
5.246805926E1,9.878176270E2
5.250806483E1,9.878189697E2
5.254806571E1,9.878212280E2
5.258806780E1,9.878234863E2
5.262805551E1,9.878281860E2
5.266805759E1,9.878328857E2
5.270805749E1,9.878350220E2
5.274806238E1,9.878363647E2
5.278806004E1,9.878375244E2
5.282806571E1,9.878377686E2
5.286806405E1,9.878402710E2
5.290806509E1,9.878436279E2
5.294806670E1,9.878455811E2
5.298805853E1,9.878482666E2
5.302805441E1,9.878519287E2
5.306806186E1,9.878541260E2
5.310806186E1,9.878562012E2
5.314806342E1,9.878602295E2
5.318806519E1,9.878615723E2
5.322806660E1,9.878627319E2
5.326806410E1,9.878637085E2
5.330805446E1,9.878635254E2
5.334805514E1,9.878643188E2
5.338806004E1,9.878680420E2
5.342806160E1,9.878710327E2
5.346806082E1,9.878752441E2
5.350806754E1,9.878801270E2
5.354805644E1,9.878830566E2
5.358806540E1,9.878871460E2
5.362805509E1,9.878922119E2
5.366805655E1,9.878949585E2
5.370806446E1,9.878959351E2
5.374806082E1,9.878972168E2
5.378806108E1,9.878970947E2
5.382806582E1,9.878967285E2
5.386806743E1,9.878978882E2
5.390805686E1,9.879025879E2
5.394805785E1,9.879090576E2
5.398805775E1,9.879121704E2
5.402805926E1,9.879151001E2
5.406806290E1,9.879187012E2
5.410806030E1,9.879197998E2
5.414806431E1,9.879183350E2
5.418805467E1,9.879178467E2
5.422806493E1,9.879183960E2
5.426805332E1,9.879185791E2
5.430805681E1,9.879191895E2
5.434806551E1,9.879214478E2
5.438806004E1,9.879252319E2
5.442806082E1,9.879299316E2
5.446806639E1,9.879333496E2
5.450807077E1,9.879364014E2
5.454806806E1,9.879406738E2
5.458806431E1,9.879418335E2
5.462805900E1,9.879407959E2
5.466805462E1,9.879405518E2
5.470806082E1,9.879426270E2
5.474806446E1,9.879434814E2
5.478806504E1,9.879478760E2
5.482806545E1,9.879527588E2
5.486806728E1,9.879558105E2
5.490806436E1,9.879566650E2
5.494805446E1,9.879580688E2
5.498805400E1,9.879578857E2
5.502806004E1,9.879574585E2
5.506806108E1,9.879603882E2
5.510806056E1,9.879624634E2
5.514806801E1,9.879617920E2
5.518805608E1,9.879641113E2
5.522806415E1,9.879680176E2
5.526805868E1,9.879713135E2
5.530805530E1,9.879769897E2
5.534806004E1,9.879815063E2
5.538806134E1,9.879803467E2
5.542806082E1,9.879794312E2
5.546806571E1,9.879797363E2
5.550806874E1,9.879785767E2
5.554805853E1,9.879789429E2
5.558805462E1,9.879820557E2
5.562805509E1,9.879849243E2
5.566806134E1,9.879875488E2
5.570806160E1,9.879882202E2
5.574806004E1,9.879883423E2
5.578806681E1,9.879898682E2
5.582805691E1,9.879891357E2
5.586806431E1,9.879877319E2
5.590805801E1,9.879893188E2
5.594806113E1,9.879924316E2
5.598806551E1,9.879960327E2
5.602806030E1,9.880010376E2
5.606805900E1,9.880040283E2
5.610806806E1,9.880042725E2
5.614806582E1,9.880053101E2
5.618805644E1,9.880049438E2
5.622805821E1,9.880026855E2
5.626805764E1,9.880012207E2
5.630805993E1,9.880018311E2
5.634806603E1,9.880004272E2
5.638805952E1,9.879994507E2
5.642806545E1,9.879992676E2
5.646806608E1,9.879994507E2
5.650806519E1,9.880028076E2
5.654806467E1,9.880052490E2
5.658805379E1,9.880056152E2
5.662805806E1,9.880062866E2
5.666806056E1,9.880049438E2
5.670806264E1,9.880035400E2
5.674806941E1,9.880051270E2
5.678806514E1,9.880062866E2
5.682806478E1,9.880093994E2
5.686806571E1,9.880156860E2
5.690805821E1,9.880178223E2
5.694805483E1,9.880197754E2
5.698806238E1,9.880227051E2
5.702806238E1,9.880218506E2
5.706805900E1,9.880195923E2
5.710806712E1,9.880189819E2
5.714806717E1,9.880178223E2
5.718805920E1,9.880166626E2
5.722806061E1,9.880176392E2
5.726805707E1,9.880207520E2
5.730805900E1,9.880235596E2
5.734806212E1,9.880252686E2
5.738806488E1,9.880283813E2
5.742806644E1,9.880296631E2
5.746806587E1,9.880266113E2
5.750806848E1,9.880262451E2
5.754805587E1,9.880267944E2
5.758805863E1,9.880251465E2
5.762806238E1,9.880242920E2
5.766806004E1,9.880274048E2
5.770806160E1,9.880293579E2
5.774806556E1,9.880287476E2
5.778806561E1,9.880290527E2
5.782806519E1,9.880311890E2
5.786806571E1,9.880314941E2
5.790805540E1,9.880295410E2
5.794805889E1,9.880275879E2
5.798806056E1,9.880254517E2
5.802806316E1,9.880246582E2
5.806806535E1,9.880267944E2
5.810806639E1,9.880289307E2
5.814806483E1,9.880322876E2
5.818805655E1,9.880367432E2
5.822805790E1,9.880385132E2
5.826805233E1,9.880375366E2
5.830806108E1,9.880369873E2
5.834806030E1,9.880383301E2
5.838805978E1,9.880391235E2
5.842806561E1,9.880389404E2
5.846806400E1,9.880389404E2
5.850806577E1,9.880389404E2
5.854805785E1,9.880393066E2
5.858805316E1,9.880393066E2
5.862805926E1,9.880393066E2
5.866805952E1,9.880383301E2
5.870806082E1,9.880377197E2
5.874806743E1,9.880365601E2
5.878805400E1,9.880365601E2
5.882806493E1,9.880377197E2
5.886805748E1,9.880377197E2
5.890805483E1,9.880379639E2
5.894806030E1,9.880383301E2
5.898806056E1,9.880372314E2
5.902806551E1,9.880355835E2
5.906807290E1,9.880344238E2
5.910806634E1,9.880322876E2
5.914806717E1,9.880323486E2
5.918805545E1,9.880334473E2
5.922805681E1,9.880329590E2
5.926805978E1,9.880341187E2
5.930806082E1,9.880361938E2
5.934806030E1,9.880341187E2
5.938805858E1,9.880308838E2
5.942806696E1,9.880314941E2
5.946806473E1,9.880317993E2
5.950805848E1,9.880313721E2
5.954805686E1,9.880305176E2
5.958806420E1,9.880301514E2
5.962806290E1,9.880299072E2
5.966806082E1,9.880307007E2
5.970806936E1,9.880303345E2
5.974806691E1,9.880297241E2
5.978806592E1,9.880305176E2
5.982805644E1,9.880305176E2
5.986805941E1,9.880274658E2
5.990805722E1,9.880260010E2
5.994805978E1,9.880293579E2
5.998806030E1,9.880308838E2
6.002806665E1,9.880295410E2
6.006806410E1,9.880322876E2
6.010806785E1,9.880355835E2
6.014805879E1,9.880331421E2
6.018805540E1,9.880303345E2
6.022805478E1,9.880289307E2
6.026806082E1,9.880257568E2
6.030806082E1,9.880222168E2
6.034806238E1,9.880201416E2
6.038806712E1,9.880200806E2
6.042806618E1,9.880217285E2
6.046805483E1,9.880223389E2
6.050805566E1,9.880219116E2
6.054805342E1,9.880216064E2
6.058806525E1,9.880201416E2
6.062805952E1,9.880184326E2
6.066805712E1,9.880176392E2
6.070806566E1,9.880165405E2
6.074806561E1,9.880158691E2
6.078806676E1,9.880145264E2
6.082805863E1,9.880120850E2
6.086805514E1,9.880103760E2
6.090806108E1,9.880100098E2
6.094806160E1,9.880086670E2
6.098805900E1,9.880067139E2
6.102806743E1,9.880078735E2
6.106807040E1,9.880081787E2
6.110806702E1,9.880073853E2
6.114805577E1,9.880064087E2
6.118805670E1,9.880088501E2
6.122805978E1,9.880084229E2
6.126806212E1,9.880083618E2
6.130806212E1,9.880072021E2
6.134806488E1,9.880080566E2
6.138807030E1,9.880106201E2
6.142806592E1,9.880113525E2
6.146805686E1,9.880104980E2
6.150805728E1,9.880109863E2
6.154805712E1,9.880089111E2
6.158805926E1,9.880039673E2
6.162806733E1,9.880001221E2
6.166806754E1,9.879979248E2
6.170806754E1,9.879945679E2
6.174806624E1,9.879912720E2
6.178806571E1,9.879893799E2
6.182805889E1,9.879898682E2
6.186805702E1,9.879888916E2
6.190806030E1,9.879888306E2
6.194806056E1,9.879920654E2
6.198806160E1,9.879924316E2
6.202806639E1,9.879904785E2
6.206805337E1,9.879895020E2
6.210806644E1,9.879873657E2
6.214805769E1,9.879834595E2
6.218805655E1,9.879807129E2
6.222805978E1,9.879781494E2
6.226806186E1,9.879752197E2
6.230805952E1,9.879747314E2
6.234806988E1,9.879754639E2
6.238806691E1,9.879742432E2
6.242806769E1,9.879750366E2
6.246805733E1,9.879766235E2
6.250805905E1,9.879754639E2
6.254806082E1,9.879739990E2
6.258805926E1,9.879748535E2
6.262805978E1,9.879709473E2
6.266807045E1,9.879670410E2
6.270806577E1,9.879650879E2
6.274806670E1,9.879652710E2
6.278805868E1,9.879644775E2
6.282805894E1,9.879682007E2
6.286806290E1,9.879711304E2
6.290806030E1,9.879715576E2
6.294805952E1,9.879697876E2
6.298806717E1,9.879683838E2
6.302805441E1,9.879653931E2
6.306806389E1,9.879635010E2
6.310805993E1,9.879629517E2
6.314805707E1,9.879624634E2
6.318806342E1,9.879611816E2
6.322806134E1,9.879592285E2
6.326805952E1,9.879570923E2
6.330806561E1,9.879561157E2
6.334806415E1,9.879544678E2
6.338805571E1,9.879535522E2
6.342806525E1,9.879527588E2
6.346805811E1,9.879500732E2
6.350805577E1,9.879476929E2
6.354806316E1,9.879450684E2
6.358806030E1,9.879437866E2
6.362806728E1,9.879431152E2
6.366806478E1,9.879422607E2
6.370806415E1,9.879408569E2
6.374806384E1,9.879409790E2
6.378805462E1,9.879412842E2
6.382805311E1,9.879418335E2
6.386805400E1,9.879445801E2
6.390806264E1,9.879451904E2
6.394806030E1,9.879418335E2
6.398806624E1,9.879374390E2
6.402806806E1,9.879348145E2
6.406806712E1,9.879298096E2
6.410805696E1,9.879248657E2
6.414805743E1,9.879238892E2
6.418805978E1,9.879223022E2
6.422806082E1,9.879199829E2
6.426806108E1,9.879197998E2
6.430806634E1,9.879205322E2
6.434806598E1,9.879178467E2
6.438806420E1,9.879166260E2
6.442805707E1,9.879154663E2
6.446805748E1,9.879146729E2
6.450806472E1,9.879151001E2
6.454806264E1,9.879183350E2
6.458806889E1,9.879197998E2
6.462806806E1,9.879206543E2
6.466806613E1,9.879211426E2
6.470806832E1,9.879182129E2
6.474805910E1,9.879134521E2
6.478806113E1,9.879097900E2
6.482806238E1,9.879064941E2
6.486806082E1,9.879041748E2
6.490806160E1,9.879047241E2
6.494806582E1,9.879063110E2
6.498806842E1,9.879060059E2
6.502806905E1,9.879039307E2
6.506805967E1,9.879011230E2
6.510806061E1,9.878984985E2
6.514806040E1,9.878944092E2
6.518806082E1,9.878920288E2
6.522806004E1,9.878914795E2
6.526806618E1,9.878890381E2
6.530806639E1,9.878875732E2
6.534806389E1,9.878869629E2
6.538807160E1,9.878834229E2
6.542805285E1,9.878791504E2
6.546805478E1,9.878778076E2
6.550806212E1,9.878771973E2
6.554806160E1,9.878771973E2
6.558806030E1,9.878785400E2
6.562806962E1,9.878802490E2
6.566806728E1,9.878804321E2
6.570806472E1,9.878782959E2
6.574805400E1,9.878763428E2
6.578805608E1,9.878749390E2
6.582806160E1,9.878729248E2
6.586806342E1,9.878712158E2
6.590806202E1,9.878703613E2
6.594806660E1,9.878695679E2
6.598806436E1,9.878682861E2
6.602806446E1,9.878670654E2
6.606805717E1,9.878660889E2
6.610805472E1,9.878637085E2
6.614805900E1,9.878602905E2
6.618806238E1,9.878557129E2
6.622806525E1,9.878519287E2
6.626806509E1,9.878496704E2
6.630806519E1,9.878479004E2
6.634806577E1,9.878461304E2
6.638805665E1,9.878472900E2
6.642805978E1,9.878487549E2
6.646806498E1,9.878482666E2
6.650806108E1,9.878474121E2
6.654806212E1,9.878451538E2
6.658806952E1,9.878410645E2
6.662806769E1,9.878372803E2
6.666805592E1,9.878345947E2
6.670805717E1,9.878317871E2
6.674805681E1,9.878316040E2
6.678805978E1,9.878323975E2
6.682806056E1,9.878295288E2
6.686806108E1,9.878236694E2
6.690806587E1,9.878194580E2
6.694806691E1,9.878184204E2
6.698806827E1,9.878176270E2
6.702805681E1,9.878186035E2
6.706805571E1,9.878208618E2
6.710805717E1,9.878231201E2
6.714805978E1,9.878238525E2
6.718805978E1,9.878231201E2
6.722806436E1,9.878201904E2
6.726806832E1,9.878169556E2
6.730807170E1,9.878150635E2
6.734806717E1,9.878117676E2
6.738805910E1,9.878086548E2
6.742805431E1,9.878042603E2
6.746806186E1,9.878006592E2
6.750806056E1,9.877961426E2
6.754806082E1,9.877943726E2
6.758806483E1,9.877935181E2
6.762806827E1,9.877968140E2
6.766805618E1,9.877998657E2
6.770805775E1,9.878011475E2
6.774805712E1,9.877980957E2
6.778806290E1,9.877967529E2
6.782806108E1,9.877949829E2
6.786805900E1,9.877926025E2
6.790805764E1,9.877902832E2
6.794806613E1,9.877894897E2
6.798806691E1,9.877889404E2
6.802806030E1,9.877863770E2
6.806805681E1,9.877836304E2
6.810806420E1,9.877816772E2
6.814806629E1,9.877803345E2
6.818806082E1,9.877769775E2
6.822806545E1,9.877738647E2
6.826806806E1,9.877719116E2
6.830806722E1,9.877704468E2
6.834805806E1,9.877684937E2
6.838805832E1,9.877658691E2
6.842806108E1,9.877640991E2
6.846806446E1,9.877637329E2
6.850806082E1,9.877631226E2
6.854806535E1,9.877598877E2
6.858806436E1,9.877569580E2
6.862806571E1,9.877547607E2
6.866805775E1,9.877535400E2
6.870805769E1,9.877535400E2
6.874805972E1,9.877543335E2
6.878806004E1,9.877554932E2
6.882806577E1,9.877559204E2
6.886806764E1,9.877536621E2
6.890806571E1,9.877507324E2
6.894806457E1,9.877476196E2
6.898806478E1,9.877427979E2
6.902805790E1,9.877398682E2
6.906805457E1,9.877370605E2
6.910805952E1,9.877357788E2
6.914806082E1,9.877352295E2
6.918806212E1,9.877344360E2
6.922806764E1,9.877342529E2
6.926806650E1,9.877330322E2
6.930806650E1,9.877295532E2
6.934805504E1,9.877285767E2
6.938805269E1,9.877274170E2
6.942806004E1,9.877242432E2
6.946806134E1,9.877235107E2
6.950806030E1,9.877225342E2
6.954806452E1,9.877182007E2
6.958806488E1,9.877137451E2
6.962806504E1,9.877123413E2
6.966805540E1,9.877118530E2
6.970805801E1,9.877117920E2
6.974806082E1,9.877150879E2
6.978805900E1,9.877207642E2
6.982806176E1,9.877232666E2
6.986806660E1,9.877243652E2
6.990806587E1,9.877241821E2
6.994806738E1,9.877191772E2
6.998805624E1,9.877139893E2
7.002805728E1,9.877092285E2
7.006806394E1,9.877026978E2
7.010806004E1,9.876984863E2
7.014806004E1,9.876978760E2
7.018806514E1,9.876978760E2
7.022806691E1,9.876962280E2
7.026806514E1,9.876936035E2
7.030805561E1,9.876922607E2
7.034805733E1,9.876909790E2
7.038806394E1,9.876882324E2
7.042806108E1,9.876848145E2
7.046806160E1,9.876828613E2
7.050806722E1,9.876804199E2
7.054806613E1,9.876774902E2
7.058806514E1,9.876760254E2
7.062806478E1,9.876770020E2
7.066805655E1,9.876783447E2
7.070805587E1,9.876766357E2
7.074805900E1,9.876732788E2
7.078805978E1,9.876695557E2
7.082805926E1,9.876656494E2
7.086806545E1,9.876618652E2
7.090806644E1,9.876584473E2
7.094806488E1,9.876574707E2
7.098805556E1,9.876586304E2
7.102805374E1,9.876590576E2
7.106806082E1,9.876574707E2
7.110806160E1,9.876579590E2
7.114805900E1,9.876600952E2
7.118806634E1,9.876590576E2
7.122806634E1,9.876577759E2
7.126806577E1,9.876573486E2
7.130805827E1,9.876549072E2
7.134805639E1,9.876497803E2
7.138805978E1,9.876455688E2
7.142805900E1,9.876434326E2
7.146806056E1,9.876429443E2
7.150806467E1,9.876422119E2
7.154806592E1,9.876413574E2
7.158806806E1,9.876406860E2
7.162805634E1,9.876386108E2
7.166805670E1,9.876342163E2
7.170806030E1,9.876315918E2
7.174806160E1,9.876297607E2
7.178806108E1,9.876262207E2
7.182806676E1,9.876234741E2
7.186806545E1,9.876215210E2
7.190806504E1,9.876177979E2
7.194805655E1,9.876143188E2
7.198805321E1,9.876131592E2
7.202807228E1,9.876115723E2
7.206806160E1,9.876104126E2
7.210806160E1,9.876107788E2
7.214806462E1,9.876123657E2
7.218806879E1,9.876117554E2
7.222806467E1,9.876078491E2
7.226805748E1,9.876044312E2
7.230805608E1,9.876000366E2
7.234806405E1,9.875938110E2
7.238806056E1,9.875878296E2
7.242806316E1,9.875845947E2
7.246806493E1,9.875834351E2
7.250806598E1,9.875840454E2
7.254806582E1,9.875845947E2
7.258806806E1,9.875869751E2
7.262805431E1,9.875884399E2
7.266805483E1,9.875859985E2
7.270806342E1,9.875812988E2
7.274805900E1,9.875770264E2
7.278806108E1,9.875718994E2
7.282805707E1,9.875697632E2
7.286806488E1,9.875692749E2
7.290806420E1,9.875679932E2
7.294805665E1,9.875662842E2
7.298805613E1,9.875633545E2
7.302805926E1,9.875596313E2
7.306806082E1,9.875576782E2
7.310806160E1,9.875582275E2
7.314806696E1,9.875586548E2
7.318806571E1,9.875578613E2
7.322806566E1,9.875567627E2
7.326805634E1,9.875557251E2
7.330805488E1,9.875533447E2
7.334806004E1,9.875504150E2
7.338805926E1,9.875488892E2
7.342806004E1,9.875477295E2
7.346806478E1,9.875462646E2
7.350806446E1,9.875435791E2
7.354806384E1,9.875412598E2
7.358805202E1,9.875409546E2
7.362805629E1,9.875389404E2
7.366806342E1,9.875365601E2
7.370806082E1,9.875363770E2
7.374805926E1,9.875367432E2
7.378806519E1,9.875354004E2
7.382806545E1,9.875333252E2
7.386806603E1,9.875305176E2
7.390805795E1,9.875258179E2
7.394805639E1,9.875203857E2
7.398805525E1,9.875170288E2
7.402806030E1,9.875145264E2
7.406806030E1,9.875125732E2
7.410806441E1,9.875139160E2
7.414806462E1,9.875148926E2
7.418806488E1,9.875135498E2
7.422805598E1,9.875134277E2
7.426805545E1,9.875137329E2
7.430805420E1,9.875115967E2
7.434806082E1,9.875093994E2
7.438806238E1,9.875086670E2
7.442806212E1,9.875082397E2
7.446806722E1,9.875064697E2
7.450805775E1,9.875038452E2
7.454806431E1,9.875025635E2
7.458805915E1,9.875017090E2
7.462805306E1,9.875000610E2
7.466806160E1,9.874974976E2
7.470805978E1,9.874958496E2
7.474806045E1,9.874959717E2
7.478806670E1,9.874947510E2
7.482806545E1,9.874942017E2
7.486806571E1,9.874971313E2
7.490805670E1,9.874990845E2
7.494805498E1,9.874963379E2
7.498806420E1,9.874940186E2
7.502806134E1,9.874940186E2
7.506805978E1,9.874916382E2
7.510806811E1,9.874888916E2
7.514806478E1,9.874898071E2
7.518806598E1,9.874901123E2
7.522805738E1,9.874875488E2
7.526805545E1,9.874863892E2
7.530806108E1,9.874844360E2
7.534806134E1,9.874805298E2
7.538806004E1,9.874781494E2
7.542806452E1,9.874764404E2
7.546806493E1,9.874736938E2
7.550806618E1,9.874721069E2
7.554805629E1,9.874717407E2
7.558805566E1,9.874721069E2
7.562806004E1,9.874717407E2
7.566806134E1,9.874713135E2
7.570806004E1,9.874709473E2
7.574806426E1,9.874706421E2
7.578806483E1,9.874697876E2
7.582806577E1,9.874689941E2
7.586805941E1,9.874657593E2
7.590805759E1,9.874633179E2
7.594805722E1,9.874613647E2
7.598806056E1,9.874578857E2
7.602806160E1,9.874570923E2
7.606806134E1,9.874592285E2
7.610806681E1,9.874590454E2
7.614806441E1,9.874588623E2
7.618806551E1,9.874620361E2
7.622805202E1,9.874608154E2
7.626805561E1,9.874574585E2
7.630806290E1,9.874582520E2
7.634806004E1,9.874561157E2
7.638806030E1,9.874479980E2
7.642806498E1,9.874432373E2
7.646806462E1,9.874418335E2
7.650806467E1,9.874400024E2
7.654805452E1,9.874403687E2
7.658805608E1,9.874420166E2
7.662806160E1,9.874422607E2
7.666806134E1,9.874401855E2
7.670806368E1,9.874382324E2
7.674806743E1,9.874368896E2
7.678806655E1,9.874365845E2
7.682806571E1,9.874345093E2
7.686805670E1,9.874331665E2
7.690805634E1,9.874315186E2
7.694806108E1,9.874273071E2
7.698806056E1,9.874254150E2
7.702806004E1,9.874260254E2
7.706806467E1,9.874263306E2
7.710806540E1,9.874259033E2
7.714806488E1,9.874286499E2
7.718805702E1,9.874292603E2
7.722805613E1,9.874281616E2
7.726806551E1,9.874266357E2
7.730806108E1,9.874248657E2
7.734806108E1,9.874224854E2
7.738806618E1,9.874205322E2
7.742806504E1,9.874197998E2
7.746806676E1,9.874197998E2
7.750805535E1,9.874188232E2
7.754805884E1,9.874183960E2
7.758806035E1,9.874191895E2
7.762805926E1,9.874193726E2
7.766806056E1,9.874200439E2
7.770806665E1,9.874209595E2
7.774806556E1,9.874213257E2
7.778806493E1,9.874215088E2
7.782806431E1,9.874202881E2
7.786805780E1,9.874187012E2
7.790805556E1,9.874175415E2
7.794806004E1,9.874151001E2
7.798806108E1,9.874116821E2
7.802806056E1,9.874091187E2
7.806806613E1,9.874063110E2
7.810806603E1,9.874060059E2
7.814805483E1,9.874076538E2
7.818805624E1,9.874088135E2
7.822805519E1,9.874104004E2
7.826806134E1,9.874102173E2
7.830806004E1,9.874066772E2
7.834806108E1,9.874025879E2
7.838806431E1,9.874012451E2
7.842806842E1,9.874003296E2
7.846806493E1,9.873988647E2
7.850805712E1,9.873977051E2
7.854805483E1,9.873983154E2
7.858806082E1,9.873991699E2
7.862806551E1,9.873984985E2
7.866806368E1,9.873985596E2
7.870806519E1,9.873996582E2
7.874806686E1,9.873978882E2
7.878806644E1,9.873937988E2
7.882806165E1,9.873918457E2
7.886805973E1,9.873921509E2
7.890806264E1,9.873924561E2
7.894806004E1,9.873926392E2
7.898806134E1,9.873939819E2
7.902806707E1,9.873948975E2
7.906806858E1,9.873920288E2
7.910806691E1,9.873895264E2
7.914805775E1,9.873889160E2
7.918805681E1,9.873867798E2
7.922805743E1,9.873869629E2
7.926806056E1,9.873902588E2
7.930806108E1,9.873918457E2
7.934806660E1,9.873922119E2
7.938806858E1,9.873947754E2
7.942806905E1,9.873941040E2
7.946806962E1,9.873883057E2
7.950805571E1,9.873840332E2
7.954805556E1,9.873812866E2
7.958805978E1,9.873758545E2
7.962806290E1,9.873739624E2
7.966806316E1,9.873782959E2
7.970806769E1,9.873807373E2
7.974806900E1,9.873812866E2
7.978806795E1,9.873815918E2
7.982805624E1,9.873799438E2
7.986805691E1,9.873782959E2
7.990806004E1,9.873770752E2
7.994806108E1,9.873760376E2
7.998805978E1,9.873781738E2
8.002806827E1,9.873789673E2
8.006806561E1,9.873768921E2
8.010806702E1,9.873765869E2
8.014805525E1,9.873779907E2
8.018805446E1,9.873771973E2
8.022806056E1,9.873758545E2
8.026806212E1,9.873770142E2
8.030806212E1,9.873778076E2
8.034806545E1,9.873758545E2
8.038806696E1,9.873744507E2
8.042806613E1,9.873752441E2
8.046805926E1,9.873743896E2
8.050805785E1,9.873731079E2
8.054806290E1,9.873715210E2
8.058806134E1,9.873715210E2
8.062806160E1,9.873716431E2
8.066806769E1,9.873711548E2
8.070806848E1,9.873713379E2
8.074805915E1,9.873720093E2
8.078805467E1,9.873713379E2
8.082805321E1,9.873685913E2
8.086806264E1,9.873677979E2
8.090806394E1,9.873677979E2
8.094806108E1,9.873662720E2
8.098806764E1,9.873632202E2
8.102806618E1,9.873629150E2
8.106806462E1,9.873656006E2
8.110806535E1,9.873661499E2
8.114805561E1,9.873680420E2
8.118805848E1,9.873699951E2
8.122806160E1,9.873684082E2
8.126806420E1,9.873640137E2
8.130806655E1,9.873610840E2
8.134806551E1,9.873592529E2
8.138806660E1,9.873594360E2
8.142806748E1,9.873630371E2
8.146805311E1,9.873657837E2
8.150805681E1,9.873690186E2
8.154806368E1,9.873707275E2
8.158806004E1,9.873697510E2
8.162806577E1,9.873687744E2
8.166806978E1,9.873695679E2
8.170806801E1,9.873692627E2
8.174806488E1,9.873700562E2
8.178805749E1,9.873729858E2
8.182805410E1,9.873746338E2
8.186806134E1,9.873752441E2
8.190805952E1,9.873759155E2
8.194806004E1,9.873768311E2
8.198806483E1,9.873764038E2
8.202806509E1,9.873739014E2
8.206806493E1,9.873714600E2
8.210805644E1,9.873704834E2
8.214805926E1,9.873710327E2
8.218806368E1,9.873717041E2
8.222805926E1,9.873717041E2
8.226806238E1,9.873707275E2
8.230806478E1,9.873700562E2
8.234806848E1,9.873699951E2
8.238806624E1,9.873699951E2
8.242805540E1,9.873729248E2
8.246805452E1,9.873768311E2
8.250806785E1,9.873803101E2
8.254806160E1,9.873840332E2
8.258806004E1,9.873871460E2
8.262806436E1,9.873863525E2
8.266806498E1,9.873832397E2
8.270806624E1,9.873797607E2
8.274805509E1,9.873758545E2
8.278805858E1,9.873744507E2
8.282805483E1,9.873768311E2
8.286806160E1,9.873820801E2
8.290806394E1,9.873869629E2
8.294806514E1,9.873890381E2
8.298806686E1,9.873890381E2
8.302806509E1,9.873890381E2
8.306805556E1,9.873887329E2
8.310805332E1,9.873871460E2
8.314805613E1,9.873869629E2
8.318806212E1,9.873892822E2
8.322806004E1,9.873912354E2
8.326806160E1,9.873913574E2
8.330806696E1,9.873910522E2
8.334806707E1,9.873906860E2
8.338806639E1,9.873889160E2
8.342805582E1,9.873869629E2
8.346805420E1,9.873885498E2
8.350806056E1,9.873911743E2
8.354806082E1,9.873954468E2
8.358806134E1,9.873981934E2
8.362806806E1,9.874016113E2
8.366806488E1,9.874045410E2
8.370806728E1,9.874083252E2
8.374805374E1,9.874097290E2
8.378805504E1,9.874125366E2
8.382806160E1,9.874146729E2
8.386806056E1,9.874147949E2
8.390806061E1,9.874139404E2
8.394806650E1,9.874131470E2
8.398806420E1,9.874121704E2
8.402806712E1,9.874122314E2
8.406805790E1,9.874123535E2
8.410805821E1,9.874127197E2
8.414806004E1,9.874138184E2
8.418806186E1,9.874141235E2
8.422806108E1,9.874173584E2
8.426806905E1,9.874213257E2
8.430806384E1,9.874224854E2
8.434806696E1,9.874223022E2
8.438805472E1,9.874229126E2
8.442805603E1,9.874222412E2
8.446805733E1,9.874211426E2
8.450806160E1,9.874221191E2
8.454805900E1,9.874271851E2
8.458806577E1,9.874307251E2
8.462806358E1,9.874298096E2
8.466806504E1,9.874309082E2
8.470805722E1,9.874322510E2
8.474805665E1,9.874299316E2
8.478805446E1,9.874307251E2
8.482806134E1,9.874338379E2
8.486806186E1,9.874336548E2
8.490806238E1,9.874338379E2
8.494806431E1,9.874346313E2
8.498806624E1,9.874346313E2
8.502806478E1,9.874357910E2
8.506805160E1,9.874390869E2
8.510805598E1,9.874422607E2
8.514806082E1,9.874457397E2
8.518805900E1,9.874473877E2
8.522806238E1,9.874451904E2
8.526806696E1,9.874437866E2
8.530806462E1,9.874445801E2
8.534805483E1,9.874429932E2
8.538805545E1,9.874424438E2
8.542805337E1,9.874445801E2
8.546805926E1,9.874454346E2
8.550806290E1,9.874454346E2
8.554805952E1,9.874471436E2
8.558806618E1,9.874471436E2
8.562806868E1,9.874467163E2
8.566806436E1,9.874478760E2
8.570805790E1,9.874490967E2
8.574805764E1,9.874506226E2
8.578806030E1,9.874533691E2
8.582806108E1,9.874551392E2
8.586806316E1,9.874543457E2
8.590806858E1,9.874538574E2
8.594806676E1,9.874528809E2
8.598806478E1,9.874502563E2
8.602805832E1,9.874498291E2
8.606805446E1,9.874525146E2
8.610806030E1,9.874533691E2
8.614805900E1,9.874543457E2
8.618806056E1,9.874569702E2
8.622806931E1,9.874580688E2
8.626806519E1,9.874576416E2
8.630806577E1,9.874574585E2
8.634805644E1,9.874580688E2
8.638805545E1,9.874603882E2
8.642806014E1,9.874631348E2
8.646806212E1,9.874630127E2
8.650806342E1,9.874608154E2
8.654806551E1,9.874584351E2
8.658806540E1,9.874556885E2
8.662806441E1,9.874527588E2
8.666806415E1,9.874517822E2
8.670805644E1,9.874528809E2
8.674805248E1,9.874547119E2
8.678806004E1,9.874578857E2
8.682806238E1,9.874614868E2
8.686805978E1,9.874641113E2
8.690806717E1,9.874665527E2
8.694806426E1,9.874683838E2
8.698806592E1,9.874698486E2
8.702805858E1,9.874722900E2
8.706805363E1,9.874752197E2
8.710806160E1,9.874768066E2
8.714806030E1,9.874771729E2
8.718806160E1,9.874776611E2
8.722806722E1,9.874755249E2
8.726806488E1,9.874722900E2
8.730806498E1,9.874730225E2
8.734805452E1,9.874756470E2
8.738805478E1,9.874738770E2
8.742806056E1,9.874732056E2
8.746806186E1,9.874758301E2
8.750806134E1,9.874769287E2
8.754805431E1,9.874754639E2
8.758806436E1,9.874743652E2
8.762806483E1,9.874740601E2
8.766805655E1,9.874719238E2
8.770806004E1,9.874688110E2
8.774806316E1,9.874673462E2
8.778806134E1,9.874691772E2
8.782806004E1,9.874730835E2
8.786806900E1,9.874787598E2
8.790806769E1,9.874815063E2
8.794806670E1,9.874841309E2
8.798806353E1,9.874868774E2
8.802805519E1,9.874867554E2
8.806805743E1,9.874867554E2
8.810807124E1,9.874893188E2
8.814806108E1,9.874912720E2
8.818807248E1,9.874930420E2
8.822806801E1,9.874935913E2
8.826806504E1,9.874943848E2
8.830806509E1,9.874959717E2
8.834805733E1,9.874998779E2
8.838805566E1,9.874996338E2
8.842806238E1,9.875008545E2
8.846805978E1,9.875012207E2
8.850806420E1,9.875010376E2
8.854806374E1,9.874984741E2
8.858806566E1,9.874994507E2
8.862805514E1,9.875021973E2
8.866805884E1,9.875037842E2
8.870805525E1,9.875046387E2
8.874806551E1,9.875057373E2
8.878806004E1,9.875072632E2
8.882806056E1,9.875087280E2
8.886806467E1,9.875092163E2
8.890806571E1,9.875101929E2
8.894806405E1,9.875111694E2
8.898805717E1,9.875112915E2
8.902805634E1,9.875123291E2
8.906806316E1,9.875129395E2
8.910806160E1,9.875131226E2
8.914806394E1,9.875147095E2
8.918806738E1,9.875155640E2
8.922806910E1,9.875155029E2
8.926805722E1,9.875151978E2
8.930805874E1,9.875152588E2
8.934806077E1,9.875158691E2
8.938806420E1,9.875174561E2
8.942805926E1,9.875198975E2
8.946806394E1,9.875241699E2
8.950806551E1,9.875274658E2
8.954806519E1,9.875303345E2
8.958806780E1,9.875341187E2
8.962805504E1,9.875350342E2
8.966805551E1,9.875352783E2
8.970806420E1,9.875355225E2
8.974806056E1,9.875347900E2
8.978806004E1,9.875328369E2
8.982807087E1,9.875299072E2
8.986806665E1,9.875308838E2
8.990805530E1,9.875336304E2
8.994806509E1,9.875378418E2
8.998805926E1,9.875408936E2
9.002805514E1,9.875457764E2
9.006806004E1,9.875484619E2
9.010806368E1,9.875513916E2
9.014806712E1,9.875498657E2
9.018806816E1,9.875501709E2
9.022806561E1,9.875518188E2
9.026806348E1,9.875510254E2
9.030805457E1,9.875496826E2
9.034805853E1,9.875504150E2
9.038806525E1,9.875513916E2
9.042806264E1,9.875523682E2
9.046806082E1,9.875542603E2
9.050806603E1,9.875554199E2
9.054806670E1,9.875578613E2
9.058806775E1,9.875607910E2
9.062805446E1,9.875599976E2
9.066805405E1,9.875604248E2
9.070806420E1,9.875625610E2
9.074805978E1,9.875627441E2
9.078806004E1,9.875637207E2
9.082806571E1,9.875656738E2
9.086806551E1,9.875654907E2
9.090805848E1,9.875650024E2
9.094805946E1,9.875668335E2
9.098805561E1,9.875670166E2
9.102806030E1,9.875660400E2
9.106806056E1,9.875662842E2
9.110806212E1,9.875684204E2
9.114806618E1,9.875717163E2
9.118806556E1,9.875718994E2
9.122806441E1,9.875738525E2
9.126805587E1,9.875764160E2
9.130806045E1,9.875750732E2
9.134806446E1,9.875702515E2
9.138806056E1,9.875678101E2
9.142806134E1,9.875687866E2
9.146806446E1,9.875689697E2
9.150806457E1,9.875707397E2
9.154806452E1,9.875731201E2
9.158805431E1,9.875750732E2
9.162805910E1,9.875738525E2
9.166805629E1,9.875733032E2
9.170806004E1,9.875733032E2
9.174806134E1,9.875738525E2
9.178806806E1,9.875745850E2
9.182806561E1,9.875745850E2
9.186806634E1,9.875725098E2
9.190806582E1,9.875721436E2
9.194805535E1,9.875716553E2
9.198805332E1,9.875712280E2
9.202806108E1,9.875728149E2
9.206806056E1,9.875746460E2
9.210806030E1,9.875734863E2
9.214806827E1,9.875736694E2
9.218806613E1,9.875736694E2
9.222805462E1,9.875717163E2
9.226805295E1,9.875744629E2
9.230805311E1,9.875776978E2
9.234805978E1,9.875791626E2
9.238806134E1,9.875814819E2
9.242806045E1,9.875830688E2
9.246806514E1,9.875806274E2
9.250806905E1,9.875783691E2
9.254806582E1,9.875770264E2
9.258805832E1,9.875760498E2
9.262805790E1,9.875777588E2
9.266806603E1,9.875809937E2
9.270806108E1,9.875848389E2
9.274806342E1,9.875863037E2
9.278806436E1,9.875869751E2
9.282806884E1,9.875853882E2
9.286806405E1,9.875803223E2
9.290805894E1,9.875767212E2
9.294805733E1,9.875752563E2
9.298806603E1,9.875738525E2
9.302806082E1,9.875731201E2
9.306806160E1,9.875743408E2
9.310806363E1,9.875737915E2
9.314806582E1,9.875737915E2
9.318806530E1,9.875728149E2
9.322805660E1,9.875741577E2
9.326805389E1,9.875775757E2
9.330806108E1,9.875793457E2
9.334806082E1,9.875799561E2
9.338806603E1,9.875819092E2
9.342806988E1,9.875834351E2
9.346806644E1,9.875820923E2
9.350805670E1,9.875795288E2
9.354805780E1,9.875780029E2
9.358805946E1,9.875797119E2
9.362805498E1,9.875805054E2
9.366805952E1,9.875803223E2
9.370805926E1,9.875841064E2
9.374806535E1,9.875869751E2
9.378806473E1,9.875852051E2
9.382806493E1,9.875834351E2
9.386805848E1,9.875830688E2
9.390806051E1,9.875823975E2
9.394805535E1,9.875828857E2
9.398806238E1,9.875825806E2
9.402806186E1,9.875816040E2
9.406806108E1,9.875811768E2
9.410806650E1,9.875791626E2
9.414806483E1,9.875777588E2
9.418806436E1,9.875777588E2
9.422805868E1,9.875773926E2
9.426805848E1,9.875793457E2
9.430806004E1,9.875835571E2
9.434805978E1,9.875828857E2
9.438806290E1,9.875814209E2
9.442806540E1,9.875829468E2
9.446806598E1,9.875825806E2
9.450806483E1,9.875805054E2
9.454805316E1,9.875812988E2
9.458805634E1,9.875825806E2
9.462806082E1,9.875826416E2
9.466805926E1,9.875838623E2
9.470806186E1,9.875853271E2
9.474806582E1,9.875848389E2
9.478806598E1,9.875840454E2
9.482806467E1,9.875819092E2
9.486805509E1,9.875790405E2
9.490805931E1,9.875756226E2
9.494806056E1,9.875737915E2
9.498806212E1,9.875740967E2
9.502806420E1,9.875745850E2
9.506806634E1,9.875743408E2
9.510806801E1,9.875746460E2
9.514806691E1,9.875775757E2
9.518805530E1,9.875801392E2
9.522805483E1,9.875809326E2
9.526805650E1,9.875801392E2
9.530805978E1,9.875803223E2
9.534805978E1,9.875802002E2
9.538806056E1,9.875783691E2
9.542806769E1,9.875789795E2
9.546806545E1,9.875824585E2
9.550806837E1,9.875848389E2
9.554805723E1,9.875848389E2
9.558805384E1,9.875883179E2
9.562805952E1,9.875912476E2
9.566805978E1,9.875902710E2
9.570806004E1,9.875882568E2
9.574806608E1,9.875850830E2
9.578806665E1,9.875791626E2
9.582806431E1,9.875737915E2
9.586805483E1,9.875716553E2
9.590805363E1,9.875703735E2
9.594806082E1,9.875698853E2
9.598805978E1,9.875695801E2
9.602806176E1,9.875687866E2
9.606806457E1,9.875687256E2
9.610806769E1,9.875717163E2
9.614806592E1,9.875745850E2
9.618805978E1,9.875767822E2
9.622805816E1,9.875806885E2
9.626806160E1,9.875826416E2
9.630806264E1,9.875819702E2
9.634806004E1,9.875811768E2
9.638806431E1,9.875800171E2
9.642806712E1,9.875772705E2
9.646806426E1,9.875781860E2
9.650805525E1,9.875782471E2
9.654805504E1,9.875773926E2
9.658806238E1,9.875781860E2
9.662806030E1,9.875805054E2
9.666805900E1,9.875805054E2
9.670806728E1,9.875799561E2
9.674806592E1,9.875811157E2
9.678806478E1,9.875814209E2
9.682805655E1,9.875806274E2
9.686805316E1,9.875792236E2
9.690805900E1,9.875780029E2
9.694806238E1,9.875756226E2
9.698806056E1,9.875749512E2
9.702806426E1,9.875780029E2
9.706806441E1,9.875801392E2
9.710806577E1,9.875806274E2
9.714805717E1,9.875830688E2
9.718805884E1,9.875852051E2
9.722805775E1,9.875812988E2
9.726806134E1,9.875790405E2
9.730806056E1,9.875809937E2
9.734806691E1,9.875822754E2
9.738806592E1,9.875833740E2
9.742806650E1,9.875852051E2
9.746806504E1,9.875853882E2
9.750805306E1,9.875840454E2
9.754805577E1,9.875834351E2
9.758805926E1,9.875822754E2
9.762805978E1,9.875820923E2
9.766805978E1,9.875826416E2
9.770806941E1,9.875825806E2
9.774806743E1,9.875824585E2
9.778806540E1,9.875838623E2
9.782805535E1,9.875861816E2
9.786805754E1,9.875883179E2
9.790805306E1,9.875914307E2
9.794806030E1,9.875942993E2
9.798806212E1,9.875958252E2
9.802806900E1,9.875965576E2
9.806806436E1,9.875986938E2
9.810806665E1,9.876007080E2
9.814805478E1,9.876014404E2
9.818805561E1,9.876021729E2
9.822805926E1,9.876034546E2
9.826806004E1,9.876019897E2
9.830806108E1,9.875998535E2
9.834806785E1,9.875990601E2
9.838806769E1,9.875998535E2
9.842806592E1,9.876015015E2
9.846805535E1,9.876041260E2
9.850805790E1,9.876084595E2
9.854806004E1,9.876146240E2
9.858806342E1,9.876177979E2
9.862806134E1,9.876187744E2
9.866806483E1,9.876235962E2
9.870806415E1,9.876271973E2
9.874806509E1,9.876264038E2
9.878805436E1,9.876278076E2
9.882805728E1,9.876293335E2
9.886805858E1,9.876270142E2
9.890806134E1,9.876270752E2
9.894805952E1,9.876295166E2
9.898806702E1,9.876304932E2
9.902806545E1,9.876320801E2
9.906806431E1,9.876346436E2
9.910805665E1,9.876359863E2
9.914805717E1,9.876371460E2
9.918805170E1,9.876392822E2
9.922806186E1,9.876431885E2
9.926805978E1,9.876451416E2
9.930806134E1,9.876441650E2
9.934806462E1,9.876461182E2
9.938806478E1,9.876505127E2
9.942806561E1,9.876522217E2
9.946805363E1,9.876549072E2
9.950805295E1,9.876594238E2
9.954806108E1,9.876613770E2
9.958805926E1,9.876587524E2
9.962806384E1,9.876566772E2
9.966806493E1,9.876564941E2
9.970806600E1,9.876571045E2
9.974805564E1,9.876558228E2
9.978805835E1,9.876536865E2
9.982805470E1,9.876535645E2
9.986806085E1,9.876561279E2
9.990806293E1,9.876576538E2
9.994806345E1,9.876604004E2
9.998806517E1,9.876666260E2
1.000280675E2,9.876696777E2
1.000680577E2,9.876693726E2
1.001080557E2,9.876695557E2
1.001480583E2,9.876701660E2
1.001880614E2,9.876694946E2
1.002280603E2,9.876718140E2
1.002680637E2,9.876749268E2
1.003080650E2,9.876763916E2
1.003480668E2,9.876784668E2
1.003880551E2,9.876789551E2
1.004280576E2,9.876777954E2
1.004680648E2,9.876758423E2
1.005080671E2,9.876748657E2
1.005480593E2,9.876742554E2
1.005880676E2,9.876756592E2
1.006280655E2,9.876776123E2
1.006680661E2,9.876796265E2
1.007080670E2,9.876820679E2
1.007480556E2,9.876830444E2
1.007880601E2,9.876840210E2
1.008280551E2,9.876856079E2
1.008680627E2,9.876865845E2
1.009080616E2,9.876871338E2
1.009480657E2,9.876893311E2
1.009880665E2,9.876901855E2
1.010280657E2,9.876892090E2
1.010680711E2,9.876895142E2
1.011080560E2,9.876901855E2
1.011480548E2,9.876889038E2
1.011880614E2,9.876872559E2
1.012280608E2,9.876871338E2
1.012680622E2,9.876869507E2
1.013080663E2,9.876869507E2
1.013480641E2,9.876885376E2
1.013880660E2,9.876924438E2
1.014280572E2,9.876956787E2
1.014680544E2,9.876975098E2
1.015080622E2,9.876975098E2
1.015480611E2,9.876961670E2
1.015880632E2,9.876947632E2
1.016280683E2,9.876932373E2
1.016680665E2,9.876924438E2
1.017080701E2,9.876939697E2
1.017480570E2,9.876967163E2
1.017880577E2,9.876999512E2
1.018280611E2,9.877022095E2
1.018680616E2,9.877025757E2
1.019080629E2,9.877037354E2
1.019480654E2,9.877039795E2
1.019880657E2,9.877020874E2
1.020280596E2,9.877017212E2
1.020680603E2,9.877020264E2
1.021080653E2,9.877012329E2
1.021480640E2,9.877015381E2
1.021880616E2,9.877015991E2
1.022280598E2,9.877009277E2
1.022680680E2,9.877025146E2
1.023080658E2,9.877035522E2
1.023480558E2,9.877031860E2
1.023880575E2,9.877047119E2
1.024280567E2,9.877077637E2
1.024680570E2,9.877086182E2
1.025080642E2,9.877084351E2
1.025480614E2,9.877086182E2
1.025880665E2,9.877070923E2
1.026280654E2,9.877045288E2
1.026680678E2,9.877025757E2
1.027080677E2,9.877019043E2
1.027480611E2,9.877026978E2
1.027880554E2,9.877056885E2
1.028280611E2,9.877061157E2
1.028680603E2,9.877050171E2
1.029080616E2,9.877049561E2
1.029480683E2,9.877041626E2
1.029880660E2,9.877030029E2
1.030280663E2,9.877045288E2
1.030680562E2,9.877078857E2
1.031080543E2,9.877120361E2
1.031480637E2,9.877149048E2
1.031880614E2,9.877150879E2
1.032280645E2,9.877139282E2
1.032680660E2,9.877123413E2
1.033080694E2,9.877125244E2
1.033480663E2,9.877139282E2
1.033880571E2,9.877147827E2
1.034280587E2,9.877171631E2
1.034680616E2,9.877196655E2
1.035080601E2,9.877183838E2
1.035480653E2,9.877168579E2
1.035880644E2,9.877167358E2
1.036280668E2,9.877162476E2
1.036680550E2,9.877160645E2
1.037080593E2,9.877159424E2
1.037480590E2,9.877152710E2
1.037880593E2,9.877149048E2
1.038280611E2,9.877156982E2
1.038680601E2,9.877154541E2
1.039080661E2,9.877137451E2
1.039480673E2,9.877121582E2
1.039880654E2,9.877103271E2
1.040280589E2,9.877091064E2
1.040680554E2,9.877102051E2
1.041080601E2,9.877117920E2
1.041480622E2,9.877133179E2
1.041880598E2,9.877152710E2
1.042280652E2,9.877154541E2
1.042680688E2,9.877142334E2
1.043080683E2,9.877137451E2
1.043480697E2,9.877133179E2
1.043880596E2,9.877139282E2
1.044280601E2,9.877152710E2
1.044680601E2,9.877154541E2
1.045080632E2,9.877160645E2
1.045480654E2,9.877168579E2
1.045880663E2,9.877180176E2
1.046280647E2,9.877191772E2
1.046680668E2,9.877186279E2
1.047080550E2,9.877175293E2
1.047480585E2,9.877170410E2
1.047880619E2,9.877142944E2
1.048280658E2,9.877131348E2
1.048680608E2,9.877160645E2
1.049080695E2,9.877180176E2
1.049480659E2,9.877191772E2
1.049880660E2,9.877217407E2
1.050280561E2,9.877219238E2
1.050680549E2,9.877197876E2
1.051080622E2,9.877206421E2
1.051480629E2,9.877230835E2
1.051880614E2,9.877232666E2
1.052280663E2,9.877227783E2
1.052680644E2,9.877225342E2
1.053080655E2,9.877210693E2
1.053480566E2,9.877197876E2
1.053880611E2,9.877200928E2
1.054280619E2,9.877215576E2
1.054680611E2,9.877222900E2
1.055080653E2,9.877221069E2
1.055480666E2,9.877229004E2
1.055880674E2,9.877238770E2
1.056280696E2,9.877241821E2
1.056680579E2,9.877254639E2
1.057080601E2,9.877254639E2
1.057480616E2,9.877235107E2
1.057880624E2,9.877222900E2
1.058280611E2,9.877214355E2
1.058680674E2,9.877207642E2
1.059080656E2,9.877219238E2
1.059480660E2,9.877229004E2
1.059880572E2,9.877229004E2
1.060280610E2,9.877233887E2
1.060680553E2,9.877236938E2
1.061080611E2,9.877230835E2
1.061480598E2,9.877229004E2
1.061880698E2,9.877227173E2
1.062280650E2,9.877238770E2
1.062680652E2,9.877260132E2
1.063080670E2,9.877274170E2
1.063480561E2,9.877276611E2
1.063880542E2,9.877261963E2
1.064280658E2,9.877222290E2
1.064680598E2,9.877188110E2
1.065080616E2,9.877182007E2
1.065480662E2,9.877182007E2
1.065880670E2,9.877191772E2
1.066280662E2,9.877219238E2
1.066680569E2,9.877237549E2
1.067080554E2,9.877225952E2
1.067480622E2,9.877221069E2
1.067880606E2,9.877230835E2
1.068280611E2,9.877232666E2
1.068680668E2,9.877227173E2
1.069080644E2,9.877235107E2
1.069480646E2,9.877235107E2
1.069880550E2,9.877222900E2
1.070280558E2,9.877201538E2
1.070680593E2,9.877186279E2
1.071080635E2,9.877188721E2
1.071480555E2,9.877183838E2
1.071880667E2,9.877185059E2
1.072280639E2,9.877201538E2
1.072680665E2,9.877213135E2
1.073080567E2,9.877201538E2
1.073480544E2,9.877213135E2
1.073880629E2,9.877253418E2
1.074280606E2,9.877276001E2
1.074680603E2,9.877287598E2
1.075080652E2,9.877308350E2
1.075480658E2,9.877315063E2
1.075880639E2,9.877284546E2
1.076280554E2,9.877260132E2
1.076680528E2,9.877242432E2
1.077080590E2,9.877224121E2
1.077480598E2,9.877220459E2
1.077880619E2,9.877219238E2
1.078280669E2,9.877230835E2
1.078680661E2,9.877261963E2
1.079080651E2,9.877266235E2
1.079480550E2,9.877269287E2
1.079880559E2,9.877295532E2
1.080280574E2,9.877292480E2
1.080680593E2,9.877258301E2
1.081080598E2,9.877248535E2
1.081480665E2,9.877227173E2
1.081880648E2,9.877177124E2
1.082280664E2,9.877164307E2
1.082680664E2,9.877191772E2
1.083080541E2,9.877222900E2
1.083480548E2,9.877257080E2
1.083880624E2,9.877299194E2
1.084280601E2,9.877315063E2
1.084680598E2,9.877307129E2
1.085080626E2,9.877281494E2
1.085480633E2,9.877239990E2
1.085880661E2,9.877201538E2
1.086280538E2,9.877180176E2
1.086680550E2,9.877162476E2
1.087080608E2,9.877159424E2
1.087480598E2,9.877160645E2
1.087880606E2,9.877168579E2
1.088280657E2,9.877178955E2
1.088680636E2,9.877191162E2
1.089080652E2,9.877211304E2
1.089480582E2,9.877236938E2
1.089880540E2,9.877256470E2
1.090280601E2,9.877264404E2
1.090680622E2,9.877271729E2
1.091080615E2,9.877268066E2
1.091480648E2,9.877268066E2
1.091880644E2,9.877250366E2
1.092280533E2,9.877224121E2
1.092680561E2,9.877205811E2
1.093080575E2,9.877203369E2
1.093480619E2,9.877183838E2
1.093880648E2,9.877183838E2
1.094280642E2,9.877225952E2
1.094680691E2,9.877248535E2
1.095080685E2,9.877240601E2
1.095480661E2,9.877266235E2
1.095880561E2,9.877287598E2
1.096280561E2,9.877266235E2
1.096680614E2,9.877263184E2
1.097080624E2,9.877277832E2
1.097480603E2,9.877258301E2
1.097880656E2,9.877235107E2
1.098280654E2,9.877222900E2
1.098680652E2,9.877196045E2
1.099080655E2,9.877178955E2
1.099480568E2,9.877183838E2
1.099880550E2,9.877170410E2
1.100280601E2,9.877170410E2
1.100680614E2,9.877197876E2
1.101080649E2,9.877164307E2
1.101480660E2,9.877119751E2
1.101880679E2,9.877144775E2
1.102280583E2,9.877172241E2
1.102680531E2,9.877164307E2
1.103080533E2,9.877188110E2
1.103480674E2,9.877225342E2
1.103880601E2,9.877209473E2
1.104280619E2,9.877149658E2
1.104680665E2,9.877119751E2
1.105080660E2,9.877144165E2
1.105480551E2,9.877156982E2
1.105880550E2,9.877158813E2
1.106280531E2,9.877176514E2
1.106680595E2,9.877155762E2
1.107080588E2,9.877106934E2
1.107480603E2,9.877064819E2
1.107880665E2,9.877064209E2
1.108280670E2,9.877081299E2
1.108680656E2,9.877121582E2
1.109080595E2,9.877147217E2
1.109480565E2,9.877161865E2
1.109880624E2,9.877149048E2
1.110280632E2,9.877124634E2
1.110680663E2,9.877119751E2
1.111080696E2,9.877129517E2
1.111480699E2,9.877115479E2
1.111880693E2,9.877098389E2
1.112280580E2,9.877114868E2
1.112680627E2,9.877102051E2
1.113080655E2,9.877066040E2
1.113480632E2,9.877069092E2
1.113880616E2,9.877064819E2
1.114280676E2,9.877020264E2
1.114680714E2,9.876996460E2
1.115080675E2,9.877012939E2
1.115480608E2,9.877026978E2
1.115880553E2,9.877036743E2
1.116280586E2,9.877062988E2
1.116680608E2,9.877069092E2
1.117080611E2,9.877031860E2
1.117480680E2,9.876997681E2
1.117880687E2,9.876983032E2
1.118280658E2,9.876973877E2
1.118680581E2,9.876973267E2
1.119080591E2,9.876983032E2
1.119480562E2,9.876988525E2
1.119880608E2,9.876998291E2
1.120280663E2,9.877020874E2
1.120680635E2,9.877051392E2
1.121080737E2,9.877061157E2
1.121480686E2,9.877070923E2
1.121880670E2,9.877085571E2
1.122280562E2,9.877064209E2
1.122680608E2,9.877025757E2
1.123080640E2,9.877004395E2
1.123480681E2,9.876981812E2
1.123880605E2,9.876949463E2
1.124280686E2,9.876937256E2
1.124680662E2,9.876932373E2
1.125080689E2,9.876943970E2
1.125480590E2,9.876961670E2
1.125880566E2,9.876961670E2
1.126280640E2,9.876955566E2
1.126680661E2,9.876970215E2
1.127080608E2,9.876978760E2
1.127480693E2,9.876981812E2
1.127880662E2,9.876992798E2
1.128280654E2,9.877004395E2
1.128680551E2,9.876979980E2
1.129080596E2,9.876963501E2
1.129480632E2,9.876984863E2
1.129880648E2,9.876990967E2
1.130280629E2,9.876994629E2
1.130680667E2,9.877030029E2
1.131080690E2,9.877022095E2
1.131480687E2,9.876966553E2
1.131880574E2,9.876951904E2
1.132280612E2,9.876943970E2
1.132680632E2,9.876916504E2
1.133080635E2,9.876910400E2
1.133480629E2,9.876903687E2
1.133880762E2,9.876876221E2
1.134280666E2,9.876849976E2
1.134680683E2,9.876846313E2
1.135080603E2,9.876873779E2
1.135480597E2,9.876901855E2
1.135880560E2,9.876951904E2
1.136280645E2,9.877012329E2
1.136680624E2,9.877039795E2
1.137080686E2,9.877035522E2
1.137480667E2,9.877041626E2
1.137880677E2,9.877027588E2
1.138280575E2,9.876996460E2
1.138680571E2,9.876988525E2
1.139080554E2,9.877012329E2
1.139480622E2,9.877033691E2
1.139880648E2,9.877054443E2
1.140280622E2,9.877053223E2
1.140680686E2,9.877035522E2
1.141080651E2,9.876997681E2
1.141480581E2,9.876967163E2
1.141880597E2,9.876945801E2
1.142280542E2,9.876959229E2
1.142680614E2,9.876992798E2
1.143080588E2,9.877025757E2
1.143480611E2,9.877044678E2
1.143880673E2,9.877064819E2
1.144280659E2,9.877059937E2
1.144680647E2,9.877039795E2
1.145080566E2,9.877037354E2
1.145480563E2,9.877038574E2
1.145880614E2,9.877022095E2
1.146280598E2,9.877008057E2
1.146680606E2,9.877012329E2
1.147080671E2,9.877023926E2
1.147480662E2,9.877030029E2
1.147880649E2,9.877019043E2
1.148280552E2,9.877022095E2
1.148680549E2,9.877014160E2
1.149080611E2,9.876975098E2
1.149480598E2,9.876967163E2
1.149880614E2,9.876992798E2
1.150280668E2,9.877015381E2
1.150680667E2,9.877040405E2
1.151080652E2,9.877066650E2
1.151480551E2,9.877084351E2
1.151880571E2,9.877113647E2
1.152280543E2,9.877145996E2
1.152680622E2,9.877161865E2
1.153080637E2,9.877162476E2
1.153480706E2,9.877159424E2
1.153880672E2,9.877144775E2
1.154280690E2,9.877124634E2
1.154680689E2,9.877128296E2
1.155080576E2,9.877149048E2
1.155480550E2,9.877155762E2
1.155880624E2,9.877152100E2
1.156280611E2,9.877149048E2
1.156680529E2,9.877133179E2
1.157080651E2,9.877123413E2
1.157480713E2,9.877122803E2
1.157880687E2,9.877117920E2
1.158280539E2,9.877102051E2
1.158680557E2,9.877103882E2
1.159080606E2,9.877129517E2
1.159480627E2,9.877164307E2
1.159880603E2,9.877183838E2
1.160280636E2,9.877217407E2
1.160680645E2,9.877240601E2
1.161080684E2,9.877230225E2
1.161480565E2,9.877209473E2
1.161880568E2,9.877197876E2
1.162280614E2,9.877186279E2
1.162680601E2,9.877171631E2
1.163080614E2,9.877162476E2
1.163480688E2,9.877178955E2
1.163880657E2,9.877205811E2
1.164280670E2,9.877206421E2
1.164680549E2,9.877225952E2
1.165080579E2,9.877240601E2
1.165480603E2,9.877209473E2
1.165880595E2,9.877196045E2
1.166280601E2,9.877225342E2
1.166680696E2,9.877219238E2
1.167080681E2,9.877204590E2
1.167480675E2,9.877225342E2
1.167880602E2,9.877230835E2
1.168280582E2,9.877221069E2
1.168680663E2,9.877235107E2
1.169080661E2,9.877266235E2
1.169480642E2,9.877279663E2
1.169880681E2,9.877288818E2
1.170280662E2,9.877285767E2
1.170680591E2,9.877279663E2
1.171080568E2,9.877277832E2
1.171480623E2,9.877256470E2
1.171880581E2,9.877236938E2
1.172280598E2,9.877217407E2
1.172680648E2,9.877202759E2
1.173080682E2,9.877188110E2
1.173480646E2,9.877188110E2
1.173880595E2,9.877200928E2
1.174280680E2,9.877225342E2
1.174680557E2,9.877240601E2
1.175080556E2,9.877254639E2
1.175480637E2,9.877269897E2
1.175880642E2,9.877279663E2
1.176280598E2,9.877271729E2
1.176680689E2,9.877261353E2
1.177080680E2,9.877246704E2
1.177480646E2,9.877242432E2
1.177880540E2,9.877250366E2
1.178280538E2,9.877260132E2
1.178680648E2,9.877274780E2
1.179080598E2,9.877289429E2
1.179480614E2,9.877276001E2
1.179880665E2,9.877260132E2
1.180280582E2,9.877248535E2
1.180680680E2,9.877240601E2
1.181080563E2,9.877261963E2
1.181480588E2,9.877296143E2
1.181880653E2,9.877315063E2
1.182280606E2,9.877323608E2
1.182680631E2,9.877303467E2
1.183080685E2,9.877256470E2
1.183480658E2,9.877240601E2
1.183880591E2,9.877229004E2
1.184280572E2,9.877230835E2
1.184680592E2,9.877257080E2
1.185080650E2,9.877287598E2
1.185480642E2,9.877299194E2
1.185880650E2,9.877287598E2
1.186280664E2,9.877272949E2
1.186680696E2,9.877271118E2
1.187080594E2,9.877256470E2
1.187480560E2,9.877247314E2
1.187880561E2,9.877256470E2
1.188280663E2,9.877294312E2
1.188680624E2,9.877316895E2
1.189080627E2,9.877322998E2
1.189480682E2,9.877310791E2
1.189880665E2,9.877328491E2
1.190280585E2,9.877301025E2
1.190680576E2,9.877252197E2
1.191080655E2,9.877238770E2
1.191480599E2,9.877235718E2
1.191880624E2,9.877202759E2
1.192280627E2,9.877186890E2
1.192680642E2,9.877191162E2
1.193080683E2,9.877196045E2
1.193480644E2,9.877209473E2
1.193880665E2,9.877216187E2
